Date,Open,High,Low,Close,Vol.,Change %
11-06-2012,3.4,3.45,3.35,3.4,3.24M,0.00%
12-06-2012,3.4,3.5,3.4,3.45,6.09M,1.47%
13-06-2012,3.45,3.45,3.35,3.4,7.29M,-1.45%
14-06-2012,3.4,3.45,3.35,3.4,31.81M,0.00%
15-06-2012,3.4,3.5,3.4,3.4,7.57M,0.00%
18-06-2012,3.4,3.45,3.4,3.45,1.82M,1.47%
19-06-2012,3.45,3.5,3.4,3.45,17.70M,0.00%
20-06-2012,3.45,3.55,3.45,3.5,6.22M,1.45%
21-06-2012,3.5,3.55,3.5,3.5,3.43M,0.00%
22-06-2012,3.5,3.55,3.5,3.5,6.43M,0.00%
25-06-2012,3.5,3.55,3.5,3.5,4.82M,0.00%
26-06-2012,3.5,3.55,3.45,3.5,14.21M,0.00%
27-06-2012,3.5,3.5,3.4,3.45,14.95M,-1.43%
28-06-2012,3.45,3.45,3.35,3.4,3.04M,-1.45%
29-06-2012,3.4,3.55,3.4,3.45,4.16M,1.47%
02-07-2012,3.45,3.65,3.5,3.6,7.46M,4.35%
03-07-2012,3.6,3.7,3.6,3.65,12.16M,1.39%
04-07-2012,3.65,3.7,3.5,3.55,945.90K,-2.74%
05-07-2012,3.55,3.6,3.45,3.55,1.50M,0.00%
06-07-2012,3.55,3.6,3.55,3.56,910.30K,0.28%
09-07-2012,3.55,3.6,3.55,3.55,1.25M,-0.28%
10-07-2012,3.55,3.6,3.55,3.55,6.93M,0.00%
11-07-2012,3.55,3.6,3.55,3.55,6.16M,0.00%
12-07-2012,3.55,3.65,3.55,3.6,6.85M,1.41%
13-07-2012,3.6,3.65,3.55,3.55,1.49M,-1.39%
16-07-2012,3.55,3.7,3.55,3.6,9.18M,1.41%
17-07-2012,3.6,3.75,3.6,3.65,2.05M,1.39%
18-07-2012,3.65,3.8,3.65,3.75,2.80M,2.74%
19-07-2012,3.75,3.9,3.75,3.85,16.54M,2.67%
20-07-2012,3.85,3.95,3.85,3.9,2.55M,1.30%
23-07-2012,3.9,4,3.85,3.9,1.62M,0.00%
24-07-2012,3.9,3.95,3.85,3.85,1.45M,-1.28%
25-07-2012,3.85,4,3.9,3.95,27.71M,2.60%
26-07-2012,3.95,4,3.9,3.95,21.48M,0.00%
27-07-2012,3.95,3.95,3.8,3.9,14.64M,-1.27%
30-07-2012,3.9,3.9,3.7,3.8,11.91M,-2.56%
31-07-2012,3.8,3.9,3.8,3.8,2.06M,0.00%
01-08-2012,3.8,3.85,3.8,3.8,1.50M,0.00%
02-08-2012,3.8,3.95,3.8,3.85,5.91M,1.32%
03-08-2012,3.85,3.95,3.9,3.95,19.48M,2.60%
06-08-2012,3.95,3.95,3.8,3.85,1.27M,-2.53%
07-08-2012,3.85,3.95,3.85,3.85,3.61M,0.00%
08-08-2012,3.85,3.9,3.8,3.85,2.41M,0.00%
09-08-2012,3.85,3.95,3.8,3.9,36.75M,1.30%
10-08-2012,3.9,3.9,3.7,3.8,10.92M,-2.56%
13-08-2012,3.8,3.9,3.7,3.75,1.03M,-1.32%
14-08-2012,3.75,3.85,3.7,3.75,426.10K,0.00%
15-08-2012,3.75,3.85,3.7,3.75,1.30M,0.00%
16-08-2012,3.75,3.85,3.75,3.75,791.60K,0.00%
17-08-2012,3.75,3.9,3.75,3.75,1.26M,0.00%
21-08-2012,3.75,3.85,3.75,3.75,571.50K,0.00%
22-08-2012,3.75,3.95,3.75,3.85,2.93M,2.67%
23-08-2012,3.85,3.95,3.9,3.9,2.49M,1.30%
24-08-2012,3.9,3.95,3.9,3.9,440.40K,0.00%
27-08-2012,3.9,3.95,3.85,3.9,1.00M,0.00%
28-08-2012,3.9,3.95,3.7,3.85,8.10M,-1.28%
29-08-2012,3.85,3.9,3.7,3.8,611.70K,-1.30%
30-08-2012,3.8,3.9,3.75,3.85,774.30K,1.32%
31-08-2012,3.85,3.9,3.75,3.8,4.50M,-1.30%
03-09-2012,3.8,3.95,3.85,3.9,791.70K,2.63%
04-09-2012,3.9,4,3.85,3.95,12.05M,1.28%
05-09-2012,3.95,4.1,3.95,3.95,3.40M,0.00%
06-09-2012,3.95,4.05,3.95,3.95,1.65M,0.00%
07-09-2012,3.95,4.05,4,4,1.11M,1.27%
10-09-2012,4,4.2,4,4.05,2.05M,1.25%
11-09-2012,4.05,4.3,4.15,4.25,13.65M,4.94%
12-09-2012,4.25,4.3,4.2,4.25,28.04M,0.00%
13-09-2012,4.25,4.25,4,4.15,30.44M,-2.35%
14-09-2012,4.15,4.1,3.65,3.95,5.60M,-4.82%
17-09-2012,3.95,4.1,4,4,8.50M,1.27%
18-09-2012,4,4.05,4,4,10.47M,0.00%
19-09-2012,4,4.1,4,4,5.75M,0.00%
20-09-2012,4,4.05,4,4,3.76M,0.00%
24-09-2012,4,4.05,4,4,1.22M,0.00%
25-09-2012,4,4.05,4,4,11.89M,0.00%
26-09-2012,4,4.05,4,4,5.83M,0.00%
27-09-2012,4,4.1,4,4.05,7.48M,1.25%
28-09-2012,4.05,4.1,4.05,4.1,9.57M,1.23%
01-10-2012,4.1,4.1,4.05,4.05,3.05M,-1.22%
02-10-2012,4.05,4.15,4.05,4.05,10.39M,0.00%
03-10-2012,4.05,4.1,3.9,4.05,9.19M,0.00%
04-10-2012,4.05,4.05,4,4,1.65M,-1.23%
05-10-2012,4,4.1,4,4.05,7.62M,1.25%
08-10-2012,4.05,4.05,4,4,582.90K,-1.23%
09-10-2012,4,4.1,4,4.05,2.68M,1.25%
10-10-2012,4.05,4.15,4.05,4.05,11.68M,0.00%
11-10-2012,4.05,4.15,4.05,4.1,7.94M,1.23%
12-10-2012,4.1,4.15,4.05,4.1,1.78M,0.00%
15-10-2012,4.1,4.15,4.1,4.1,1.30M,0.00%
16-10-2012,4.1,4.15,4.1,4.1,3.00M,0.00%
17-10-2012,4.1,4.15,4.1,4.15,4.69M,1.22%
18-10-2012,4.15,4.2,4.1,4.2,8.49M,1.20%
19-10-2012,4.2,4.25,4.15,4.2,803.00K,0.00%
22-10-2012,4.2,4.5,4.2,4.25,1.89M,1.19%
23-10-2012,4.25,4.3,4.25,4.25,474.00K,0.00%
24-10-2012,4.25,4.4,4.25,4.25,1.87M,0.00%
25-10-2012,4.25,4.45,4.3,4.35,4.33M,2.35%
26-10-2012,4.35,4.5,4.4,4.45,1.44M,2.30%
29-10-2012,4.45,4.5,4.4,4.4,831.40K,-1.12%
30-10-2012,4.4,4.45,4.4,4.4,9.07M,0.00%
31-10-2012,4.4,4.45,4.4,4.4,1.50M,0.00%
01-11-2012,4.4,4.4,4.25,4.35,14.61M,-1.14%
02-11-2012,4.35,4.4,4.25,4.35,2.91M,0.00%
05-11-2012,4.35,4.4,4.25,4.35,1.53M,0.00%
06-11-2012,4.35,4.45,4.25,4.35,1.41M,0.00%
07-11-2012,4.35,4.45,4.35,4.45,39.14M,2.30%
08-11-2012,4.35,4.55,4.45,4.45,2.49M,0.00%
09-11-2012,4.45,4.95,4.55,4.8,7.98M,7.87%
12-11-2012,4.8,4.85,4.8,4.8,21.65M,0.00%
13-11-2012,4.8,4.8,4.55,4.7,7.26M,-2.08%
14-11-2012,4.7,4.65,4.5,4.55,12.29M,-3.19%
15-11-2012,4.55,4.75,4.5,4.6,18.08M,1.10%
16-11-2012,4.6,4.8,4.65,4.65,31.15M,1.09%
19-11-2012,4.65,4.7,4.55,4.6,27.03M,-1.08%
20-11-2012,4.6,4.85,4.6,4.75,33.65M,3.26%
21-11-2012,4.75,5,4.75,4.85,14.33M,2.11%
22-11-2012,4.85,5.05,4.7,4.95,13.20M,2.06%
23-11-2012,4.95,5.05,4.85,5,85.73M,1.01%
26-11-2012,5,5.3,5,5.2,33.84M,4.00%
27-11-2012,5.2,5.1,4.85,5,76.77M,-3.85%
28-11-2012,5,5,4.85,4.9,11.74M,-2.00%
29-11-2012,4.9,4.95,4.6,4.9,22.67M,0.00%
30-11-2012,4.9,5.05,4.7,5,21.12M,2.04%
03-12-2012,5,5.1,4.9,5.05,17.56M,1.00%
04-12-2012,5.05,5.1,5,5.05,40.44M,0.00%
05-12-2012,5.05,5.1,5,5,10.12M,-0.99%
06-12-2012,5,5.05,5,5,18.37M,0.00%
07-12-2012,5,5.1,5,5.05,25.40M,1.00%
10-12-2012,5.05,5.1,5,5.05,9.54M,0.00%
11-12-2012,5.05,5.1,5,5,54.09M,-0.99%
13-12-2012,5,5.1,5,5.05,38.41M,1.00%
14-12-2012,5.05,5.1,5,5.05,5.06M,0.00%
17-12-2012,5.05,5.1,5,5.05,6.41M,0.00%
18-12-2012,5.05,5.1,5,5.05,15.77M,0.00%
19-12-2012,5.05,5.1,5,5.05,13.17M,0.00%
20-12-2012,5.05,5.1,5.05,5.05,13.61M,0.00%
21-12-2012,5.05,5.1,5.05,5.05,8.07M,0.00%
24-12-2012,5.05,5.1,5.05,5.05,12.45M,0.00%
27-12-2012,5.1,5.15,5.05,5.1,7.63M,0.99%
28-12-2012,5.05,5.15,5.05,5.05,595.30K,-0.98%
31-12-2012,5.05,5.1,5,5.05,1.76M,0.00%
02-01-2013,5,5.15,5,5.1,3.32M,0.99%
03-01-2013,5.1,5.25,5.1,5.15,7.25M,0.98%
04-01-2013,5.2,5.35,5.15,5.25,4.13M,1.94%
07-01-2013,5.2,5.45,5.2,5.35,4.10M,1.90%
08-01-2013,5.4,5.85,5.4,5.6,11.00M,4.67%
09-01-2013,5.65,6,5.5,5.8,13.69M,3.57%
10-01-2013,5.8,5.8,5.55,5.6,6.69M,-3.45%
11-01-2013,5.6,5.7,5.6,5.6,4.44M,0.00%
14-01-2013,5.6,5.7,5.6,5.65,10.96M,0.89%
15-01-2013,5.6,5.8,5.55,5.65,11.69M,0.00%
16-01-2013,5.65,5.85,5.65,5.75,9.13M,1.77%
17-01-2013,5.75,5.8,5.7,5.75,15.91M,0.00%
18-01-2013,5.75,5.8,5.75,5.75,13.30M,0.00%
21-01-2013,5.75,5.8,5.5,5.75,44.02M,0.00%
22-01-2013,5.7,5.75,5.55,5.65,11.70M,-1.74%
23-01-2013,5.7,5.75,5.5,5.6,15.44M,-0.88%
24-01-2013,5.55,5.7,5.5,5.6,10.71M,0.00%
25-01-2013,5.6,5.65,5.35,5.6,8.85M,0.00%
28-01-2013,5.6,5.6,5.25,5.4,25.31M,-3.57%
29-01-2013,5.25,5.4,5.2,5.3,10.54M,-1.85%
30-01-2013,5.3,5.5,5.25,5.3,18.41M,0.00%
31-01-2013,5.3,5.5,5.3,5.45,3.67M,2.83%
01-02-2013,5.45,5.55,5.4,5.55,110.83M,1.83%
04-02-2013,5.45,5.55,5.35,5.5,2.87M,-0.90%
05-02-2013,5.5,5.6,5.35,5.4,28.08M,-1.82%
06-02-2013,5.4,5.5,5.4,5.4,3.45M,0.00%
07-02-2013,5.4,5.5,5.4,5.4,36.27M,0.00%
08-02-2013,5.5,5.6,5.5,5.55,18.08M,2.78%
11-02-2013,5.55,5.7,5.55,5.65,9.36M,1.80%
12-02-2013,5.65,5.75,5.65,5.7,25.57M,0.88%
13-02-2013,5.7,5.75,5.55,5.7,20.90M,0.00%
14-02-2013,5.55,5.65,5.55,5.6,4.86M,-1.75%
15-02-2013,5.6,5.65,5.55,5.55,1.75M,-0.89%
18-02-2013,5.75,5.75,5.55,5.55,14.74M,0.00%
19-02-2013,5.6,5.7,5.6,5.65,7.96M,1.80%
20-02-2013,5.7,5.8,5.65,5.7,62.30M,0.88%
21-02-2013,5.7,5.75,5.65,5.7,15.09M,0.00%
22-02-2013,5.7,5.75,5.65,5.7,8.58M,0.00%
25-02-2013,5.65,5.7,5.65,5.65,1.23M,-0.88%
26-02-2013,5.65,5.75,5.65,5.65,3.61M,0.00%
27-02-2013,5.7,5.8,5.7,5.75,8.03M,1.77%
28-02-2013,5.75,5.8,5.75,5.75,4.40M,0.00%
01-03-2013,5.75,5.9,5.75,5.8,6.74M,0.87%
05-03-2013,5.85,6,5.85,5.95,13.26M,2.59%
06-03-2013,5.95,6,5.9,5.95,24.04M,0.00%
07-03-2013,5.8,6,5.8,5.95,23.03M,0.00%
08-03-2013,5.9,6.1,5.9,6,2.75M,0.84%
11-03-2013,6,6.5,6,6.15,10.04M,2.50%
12-03-2013,6.25,6.35,6.15,6.25,24.59M,1.63%
13-03-2013,6.3,6.35,6.25,6.25,11.53M,0.00%
14-03-2013,6.3,6.4,6.25,6.3,28.09M,0.80%
15-03-2013,6.3,6.35,5.9,6.15,3.01M,-2.38%
18-03-2013,5.8,6.1,5.8,6,18.57M,-2.44%
19-03-2013,5.95,6,5.9,5.95,6.55M,-0.83%
20-03-2013,6,6,5.85,5.95,10.67M,0.00%
21-03-2013,6,6,5.8,5.85,2.95M,-1.68%
22-03-2013,5.85,5.9,5.8,5.8,3.06M,-0.85%
25-03-2013,5.85,5.95,5.75,5.8,17.12M,0.00%
26-03-2013,5.8,5.85,5.6,5.8,1.71M,0.00%
27-03-2013,5.8,6,5.8,5.95,9.06M,2.59%
28-03-2013,5.95,6.2,5.95,6,6.93M,0.84%
02-04-2013,6.25,6.5,6,6,54.84M,0.00%
03-04-2013,6.05,6.25,6.05,6.15,2.48M,2.50%
04-04-2013,6.2,6.4,6.15,6.3,11.26M,2.44%
05-04-2013,6.25,6.4,6.25,6.3,8.92M,0.00%
08-04-2013,6.3,6.4,6.3,6.35,2.15M,0.79%
10-04-2013,6.4,6.6,6.35,6.45,30.86M,1.57%
11-04-2013,6.5,6.6,6.5,6.55,9.59M,1.55%
12-04-2013,6.55,6.55,6.3,6.5,11.99M,-0.76%
15-04-2013,6.5,6.5,6.35,6.4,5.66M,-1.54%
16-04-2013,6.35,6.5,6.3,6.4,13.53M,0.00%
17-04-2013,6.45,6.6,6.45,6.45,35.56M,0.78%
18-04-2013,6.55,6.65,6.55,6.55,34.86M,1.55%
19-04-2013,6.55,6.65,6.55,6.6,16.00M,0.76%
22-04-2013,6.6,6.65,6.55,6.6,15.18M,0.00%
23-04-2013,6.6,6.7,6.6,6.6,13.18M,0.00%
24-04-2013,6.65,6.7,6.6,6.6,14.37M,0.00%
25-04-2013,6.65,6.7,6.6,6.6,6.62M,0.00%
26-04-2013,6.6,6.7,6.6,6.65,8.19M,0.76%
29-04-2013,6.65,6.75,6.65,6.7,4.58M,0.75%
30-04-2013,6.8,6.95,6.7,6.85,11.28M,2.24%
02-05-2013,6.9,7.1,6.85,7,22.63M,2.19%
03-05-2013,7,7.2,7,7.05,30.74M,0.71%
06-05-2013,7.05,7.15,7.05,7.1,32.80M,0.71%
07-05-2013,7.1,7.2,7.1,7.15,21.73M,0.70%
08-05-2013,7.15,7.4,7.15,7.2,30.00M,0.70%
09-05-2013,7.25,7.25,7.1,7.2,30.26M,0.00%
10-05-2013,7.1,7.15,6.8,6.95,2.13M,-3.47%
13-05-2013,6.85,7,6.8,6.9,4.88M,-0.72%
14-05-2013,6.95,7.2,6.95,7.1,10.31M,2.90%
15-05-2013,7.2,7.55,7.15,7.35,60.05M,3.52%
16-05-2013,7.3,7.3,7.2,7.25,8.85M,-1.36%
17-05-2013,7.25,7.25,7.1,7.15,6.27M,-1.38%
20-05-2013,7.1,7.15,7,7,1.83M,-2.10%
21-05-2013,7,7.2,7,7.1,14.33M,1.43%
22-05-2013,7.1,7.2,7.05,7.15,23.90M,0.70%
23-05-2013,7.1,7.1,7,7.05,10.23M,-1.40%
24-05-2013,7,7.1,6.9,7,5.19M,-0.71%
27-05-2013,7,7.05,6.65,7,4.15M,0.00%
28-05-2013,7,7.15,7,7.05,5.79M,0.71%
29-05-2013,7.05,7.25,7.05,7.15,9.11M,1.42%
30-05-2013,7.15,7.3,7.15,7.25,17.70M,1.40%
31-05-2013,7.25,7.3,7.2,7.25,33.11M,0.00%
03-06-2013,7.2,7.25,7.15,7.2,34.15M,-0.69%
04-06-2013,7.2,7.2,7.05,7.1,70.20M,-1.39%
05-06-2013,7.05,7.2,7.05,7.1,72.39M,0.00%
06-06-2013,7.1,7.25,7.1,7.15,8.19M,0.70%
07-06-2013,7.2,7.25,7.2,7.2,4.14M,0.70%
10-06-2013,7.2,7.35,7.2,7.25,5.53M,0.69%
11-06-2013,7.25,7.45,7.25,7.35,16.51M,1.38%
12-06-2013,7.35,7.45,7.3,7.35,7.46M,0.00%
13-06-2013,7.35,7.4,7.2,7.3,26.27M,-0.68%
14-06-2013,7.2,7.2,6.6,7,12.91M,-4.11%
17-06-2013,7,7,6.5,6.7,24.97M,-4.29%
18-06-2013,6.8,7,6.8,6.9,2.25M,2.99%
19-06-2013,6.9,7,6.9,6.95,58.65M,0.72%
20-06-2013,6.95,6.95,6.7,6.9,55.24M,-0.72%
21-06-2013,6.85,6.85,6.7,6.75,19.16M,-2.17%
24-06-2013,6.75,6.75,6.65,6.7,2.14M,-0.74%
25-06-2013,6.7,6.8,6.65,6.75,16.33M,0.75%
26-06-2013,6.65,6.75,6.6,6.65,3.01M,-1.48%
27-06-2013,6.6,6.65,6.45,6.5,28.68M,-2.26%
28-06-2013,6.5,6.65,6.45,6.55,3.53M,0.77%
01-07-2013,6.5,6.6,6.35,6.45,8.28M,-1.53%
02-07-2013,6.4,6.5,6.15,6.4,26.43M,-0.78%
03-07-2013,6.4,6.5,6.25,6.35,23.66M,-0.78%
04-07-2013,6.4,6.6,6.3,6.45,7.17M,1.57%
05-07-2013,6.45,6.85,6.45,6.75,14.03M,4.65%
08-07-2013,6.75,6.8,6.55,6.75,33.75M,0.00%
09-07-2013,6.7,6.75,6.6,6.7,7.49M,-0.74%
10-07-2013,6.7,6.85,6.65,6.75,20.35M,0.75%
11-07-2013,6.75,7,6.75,6.9,1.57M,2.22%
12-07-2013,6.9,7.15,6.9,7.05,37.89M,2.17%
15-07-2013,7.1,7.5,7.1,7.3,13.52M,3.55%
16-07-2013,7.3,7.5,7.3,7.4,7.01M,1.37%
17-07-2013,7.55,7.55,7.2,7.35,38.64M,-0.68%
18-07-2013,7.3,7.45,7.2,7.3,15.68M,-0.68%
19-07-2013,7.35,7.35,7.2,7.25,4.64M,-0.68%
22-07-2013,7.25,7.3,7,7.1,6.96M,-2.07%
23-07-2013,7.1,7.1,7,7,21.68M,-1.41%
24-07-2013,7,7.2,7,7.05,5.06M,0.71%
25-07-2013,7.05,7.2,7.05,7.05,12.05M,0.00%
26-07-2013,7.05,7.3,7.05,7.15,1.34M,1.42%
29-07-2013,7.15,7.3,7.15,7.15,10.21M,0.00%
30-07-2013,7.15,7.35,7.15,7.25,12.13M,1.40%
31-07-2013,7.3,7.35,7.2,7.3,13.75M,0.69%
01-08-2013,7.2,7.3,7.2,7.25,8.04M,-0.68%
02-08-2013,7.3,7.35,7.25,7.25,9.79M,0.00%
05-08-2013,7.25,7.35,7.1,7.3,11.57M,0.69%
06-08-2013,7.3,7.35,7.3,7.3,1.81M,0.00%
07-08-2013,7.3,7.5,7.3,7.4,4.23M,1.37%
08-08-2013,7.4,8,7.4,7.7,13.82M,4.05%
12-08-2013,7.7,8,7.5,7.85,9.46M,1.95%
13-08-2013,7.65,7.75,7.65,7.65,3.47M,-2.55%
14-08-2013,7.65,7.85,7.65,7.75,21.90M,1.31%
15-08-2013,7.7,8,7.7,7.9,16.76M,1.94%
16-08-2013,7.9,8.15,7.9,8.05,23.90M,1.90%
19-08-2013,8.05,8.25,8,8.15,22.20M,1.24%
20-08-2013,8.15,8.25,8.15,8.2,9.69M,0.61%
21-08-2013,8.2,8.2,8,8.05,11.97M,-1.83%
22-08-2013,8,8.05,7.85,7.95,5.17M,-1.24%
23-08-2013,7.9,7.95,7.85,7.9,3.25M,-0.63%
26-08-2013,7.95,8,7.9,7.9,17.78M,0.00%
27-08-2013,7.9,7.95,7.65,7.75,9.07M,-1.90%
28-08-2013,7.75,7.75,7.45,7.5,28.18M,-3.23%
29-08-2013,7.5,7.8,7.45,7.65,86.80K,2.00%
30-08-2013,7.7,7.8,7.6,7.7,14.22M,0.65%
02-09-2013,7.7,7.8,7.6,7.65,1.30M,-0.65%
03-09-2013,7.7,7.85,7.7,7.75,2.80M,1.31%
04-09-2013,7.75,7.85,7.7,7.8,12.54M,0.65%
05-09-2013,7.75,7.9,7.75,7.85,4.95M,0.64%
06-09-2013,7.75,7.9,7.75,7.85,36.50M,0.00%
09-09-2013,7.85,8.25,7.8,8.05,11.18M,2.55%
10-09-2013,8.1,8.15,8.05,8.1,7.02M,0.62%
11-09-2013,8.1,8.15,8.05,8.05,15.40M,-0.62%
12-09-2013,8.05,8.15,8.05,8.05,14.29M,0.00%
13-09-2013,7.95,8.1,7.8,8,13.66M,-0.62%
16-09-2013,8.05,8.15,8.05,8.1,13.32M,1.25%
17-09-2013,8.1,8.25,8.1,8.15,21.74M,0.62%
18-09-2013,8.2,8.3,8.2,8.2,7.85M,0.61%
19-09-2013,8.2,8.45,8.2,8.35,6.29M,1.83%
20-09-2013,8.35,8.7,8.35,8.5,16.94M,1.80%
23-09-2013,8.5,8.5,8.2,8.35,9.33M,-1.76%
24-09-2013,8.2,8.35,8.2,8.25,31.57M,-1.20%
25-09-2013,8.3,8.45,8.3,8.4,29.90M,1.82%
26-09-2013,8.35,8.5,8.3,8.35,8.20M,-0.60%
27-09-2013,8.35,8.4,8.25,8.35,7.27M,0.00%
30-09-2013,8.35,8.7,8.25,8.5,7.22M,1.80%
01-10-2013,8.5,8.75,8.5,8.7,1.82M,2.35%
02-10-2013,8.55,8.95,8.55,8.75,14.19M,0.57%
03-10-2013,8.7,9,8.7,8.9,16.37M,1.71%
04-10-2013,8.9,8.95,8.9,8.9,15.07M,0.00%
07-10-2013,8.9,9.25,8.9,9.1,28.54M,2.25%
08-10-2013,9.2,9.5,9.2,9.4,28.03M,3.30%
09-10-2013,9.3,9.4,9.1,9.1,25.06M,-3.19%
10-10-2013,9.15,9.15,8.8,9,39.75M,-1.10%
11-10-2013,9,9.1,8.95,9,62.12M,0.00%
14-10-2013,9,9.25,9,9.05,26.20M,0.56%
15-10-2013,9.1,9.2,9.1,9.15,25.16M,1.10%
16-10-2013,9.2,9.25,9.1,9.15,15.95M,0.00%
17-10-2013,9.15,9.2,9.05,9.1,4.02M,-0.55%
18-10-2013,9.1,9.15,9.05,9.1,21.02M,0.00%
22-10-2013,9.1,9.15,8.85,8.95,3.80M,-1.65%
23-10-2013,8.5,9.1,8.2,9.05,45.10M,1.12%
24-10-2013,9.05,9.1,8.8,9.05,36.33M,0.00%
25-10-2013,9,9.05,8.9,9,10.87M,-0.55%
28-10-2013,9,9.1,8.95,9,2.19M,0.00%
30-10-2013,9.05,9.4,9.05,9.25,18.02M,2.78%
31-10-2013,9.25,9.7,9.25,9.45,15.88M,2.16%
01-11-2013,9.5,9.7,9.5,9.55,3.39M,1.06%
04-11-2013,9.55,9.9,9.5,9.7,15.07M,1.57%
05-11-2013,9.7,9.8,9.3,9.65,16.23M,-0.52%
06-11-2013,9.7,10.2,9.45,9.7,42.03M,0.52%
07-11-2013,9.45,9.95,9.45,9.85,23.78M,1.55%
08-11-2013,9.85,9.95,9.6,9.75,13.60M,-1.02%
11-11-2013,9.65,9.9,9.5,9.8,7.12M,0.51%
12-11-2013,9.85,9.9,9.75,9.8,9.92M,0.00%
13-11-2013,9.8,10,9.75,9.8,5.73M,0.00%
14-11-2013,9.8,9.95,9.8,9.85,16.21M,0.51%
15-11-2013,9.9,9.95,9.8,9.85,8.73M,0.00%
18-11-2013,9.85,10,9.85,9.9,6.52M,0.51%
19-11-2013,9.85,10.1,9.85,9.95,8.03M,0.51%
20-11-2013,10,10.3,9.95,10.05,6.70M,1.01%
21-11-2013,10.2,10.75,10.2,10.6,22.97M,5.47%
22-11-2013,10.6,10.9,10.6,10.75,33.61M,1.42%
25-11-2013,10.8,11.05,10.8,10.95,13.83M,1.86%
26-11-2013,11,11.1,10.95,11,53.18M,0.46%
27-11-2013,11,11.2,10.95,11,9.02M,0.00%
28-11-2013,11.05,11.1,10.9,11,9.10M,0.00%
29-11-2013,10.9,10.95,10.6,10.8,2.62M,-1.82%
02-12-2013,10.7,11,10.55,10.85,2.93M,0.46%
03-12-2013,10.95,11,10.75,10.8,9.11M,-0.46%
04-12-2013,10.75,10.85,10.55,10.75,12.50M,-0.46%
05-12-2013,10.7,10.7,10,10.35,24.09M,-3.72%
06-12-2013,10.4,10.5,10.2,10.35,16.08M,0.00%
09-12-2013,10.3,10.4,10.25,10.35,12.76M,0.00%
10-12-2013,10.25,10.35,10.1,10.2,23.97M,-1.45%
11-12-2013,10.2,10.2,9.9,10.05,26.98M,-1.47%
16-12-2013,9.9,10.1,9.6,10,15.65M,-0.50%
17-12-2013,9.9,10,9.7,9.85,22.46M,-1.50%
18-12-2013,9.9,10,9.85,9.95,15.35M,1.02%
19-12-2013,10,10.1,9.95,10,16.59M,0.50%
20-12-2013,10,10.15,10,10.05,8.71M,0.50%
23-12-2013,10.15,10.5,10.1,10.25,2.64M,1.99%
24-12-2013,10.4,11,10.4,10.85,2.99M,5.85%
27-12-2013,10.55,10.9,10.55,10.75,7.55M,-0.92%
30-12-2013,10.75,11,10.6,10.85,11.07M,0.93%
31-12-2013,10.95,10.95,10.8,10.85,2.46M,0.00%
02-01-2014,10.9,10.9,10.6,10.75,3.51M,-0.92%
03-01-2014,10.8,10.95,10.75,10.8,2.71M,0.47%
06-01-2014,10.9,11.15,10.8,11.05,9.52M,2.31%
07-01-2014,11,11.15,11,11.1,5.57M,0.45%
08-01-2014,11.1,11.65,11.1,11.35,6.69M,2.25%
09-01-2014,11.6,11.95,11.55,11.7,24.76M,3.08%
10-01-2014,11.8,11.95,11.45,11.75,33.43M,0.43%
13-01-2014,11.6,11.75,11.35,11.65,19.46M,-0.85%
14-01-2014,11.7,11.75,11.45,11.65,5.70M,0.00%
15-01-2014,11.7,11.75,11.35,11.7,8.77M,0.43%
16-01-2014,11.7,11.75,11.4,11.5,9.56M,-1.71%
17-01-2014,11.55,11.6,11.5,11.5,1.93M,0.00%
20-01-2014,11.5,11.8,11.4,11.7,7.60M,1.74%
21-01-2014,11.7,12,11.65,11.75,11.31M,0.43%
22-01-2014,11.75,12.1,11.75,12,10.58M,2.13%
23-01-2014,12,12.2,11.95,12.05,9.79M,0.42%
24-01-2014,12.2,12.8,12.2,12.45,16.04M,3.32%
27-01-2014,12.45,12.6,12.25,12.35,43.17M,-0.80%
28-01-2014,12.3,12.4,12,12.05,10.10M,-2.43%
29-01-2014,12.05,12.05,11.75,11.85,14.13M,-1.66%
30-01-2014,11.6,11.8,11.4,11.5,16.65M,-2.95%
31-01-2014,11.45,11.45,10.6,11,12.36M,-4.35%
03-02-2014,11,11.4,11,11.2,15.52M,1.82%
04-02-2014,11.35,11.5,11.3,11.35,6.65M,1.34%
05-02-2014,11.3,11.85,11.3,11.45,2.27M,0.88%
06-02-2014,11.5,12.05,11.5,11.95,28.88M,4.37%
07-02-2014,11.95,12,11.75,11.85,8.47M,-0.84%
10-02-2014,11.85,11.85,11.55,11.75,12.19M,-0.84%
11-02-2014,11.85,11.85,11.7,11.8,14.58M,0.43%
12-02-2014,11.75,11.95,11.75,11.8,5.42M,0.00%
13-02-2014,11.8,11.8,11.65,11.7,15.77M,-0.85%
14-02-2014,11.8,12,11.7,11.8,2.46M,0.85%
17-02-2014,11.8,11.85,11.5,11.65,9.36M,-1.27%
18-02-2014,11.65,11.65,11.45,11.55,6.68M,-0.86%
19-02-2014,11.6,11.6,11.35,11.4,10.00M,-1.30%
20-02-2014,11.4,11.5,11.3,11.4,15.92M,0.00%
21-02-2014,11.4,11.5,11.35,11.4,11.72M,0.00%
24-02-2014,11.35,11.5,11.35,11.45,9.23M,0.44%
25-02-2014,11.4,11.75,11.4,11.55,10.63M,0.87%
26-02-2014,11.65,11.75,11.55,11.65,6.33M,0.87%
27-02-2014,11.7,11.8,11.55,11.65,5.14M,0.00%
28-02-2014,11.75,11.8,11.65,11.7,19.98M,0.43%
03-03-2014,11.75,11.75,11.65,11.7,2.95M,0.00%
04-03-2014,11.7,11.8,11.7,11.7,5.00M,0.00%
05-03-2014,11.7,11.8,11.65,11.7,16.39M,0.00%
06-03-2014,11.7,11.9,11.7,11.8,27.45M,0.85%
07-03-2014,11.7,11.85,11.7,11.75,11.85M,-0.42%
10-03-2014,11.75,11.9,11.75,11.8,7.07M,0.43%
11-03-2014,11.75,11.9,11.75,11.8,5.71M,0.00%
12-03-2014,11.8,12.1,11.75,11.9,3.24M,0.85%
13-03-2014,12,12.6,12,12.35,12.73M,3.78%
14-03-2014,12.25,12.35,12,12.05,2.59M,-2.43%
17-03-2014,12.05,12.3,12,12.1,6.35M,0.41%
18-03-2014,12.15,12.3,12.1,12.2,11.64M,0.83%
19-03-2014,12.2,12.5,12.2,12.3,3.06M,0.82%
20-03-2014,12.35,12.6,12.3,12.5,27.55M,1.63%
21-03-2014,12.45,12.65,12.4,12.6,28.83M,0.80%
24-03-2014,12.6,12.7,12.1,12.35,8.57M,-1.98%
25-03-2014,12.3,12.6,12.15,12.35,3.44M,0.00%
26-03-2014,12.5,12.6,12.3,12.45,15.82M,0.81%
27-03-2014,12.3,12.4,12.1,12.35,3.50M,-0.80%
28-03-2014,12.3,12.35,12.25,12.3,15.32M,-0.40%
31-03-2014,12.35,12.4,12.3,12.35,12.78M,0.41%
01-04-2014,12.35,12.5,12.35,12.35,2.48M,0.00%
02-04-2014,12.4,12.5,12.35,12.4,3.47M,0.40%
03-04-2014,12.5,12.6,12.4,12.5,15.73M,0.81%
04-04-2014,12.4,12.5,12.35,12.4,2.40M,-0.80%
07-04-2014,12.45,12.6,12.35,12.45,18.91M,0.40%
08-04-2014,12.4,12.45,12.3,12.35,13.67M,-0.80%
09-04-2014,12.3,12.5,12.3,12.45,4.05M,0.81%
10-04-2014,12.4,13,12.4,12.75,7.22M,2.41%
11-04-2014,13,13,12.6,12.75,123.20M,0.00%
14-04-2014,12.75,13,12.7,12.85,22.42M,0.78%
15-04-2014,12.9,13.3,12.8,13.1,12.53M,1.95%
16-04-2014,13.15,13.4,13.1,13.2,11.28M,0.76%
17-04-2014,13.1,13.3,13.1,13.2,3.06M,0.00%
22-04-2014,13.2,13.3,13.1,13.2,11.64M,0.00%
23-04-2014,13.1,13.1,12.9,13,14.45M,-1.52%
24-04-2014,13,13.3,13,13.2,8.28M,1.54%
25-04-2014,13.15,13.2,13,13.05,28.50M,-1.14%
28-04-2014,13.05,13.1,13,13.05,4.09M,0.00%
29-04-2014,13.05,13.2,13,13.05,3.30M,0.00%
30-04-2014,13.1,13.2,13.1,13.1,69.20M,0.38%
02-05-2014,13.1,13.2,13.05,13.1,6.02M,0.00%
05-05-2014,13.05,13.1,12.85,13,13.78M,-0.76%
06-05-2014,13,13,12.7,12.8,28.68M,-1.54%
07-05-2014,12.8,13,12.75,12.9,17.36M,0.78%
08-05-2014,12.85,13,12.75,12.8,27.77M,-0.78%
09-05-2014,12.9,13.05,12.75,12.85,36.35M,0.39%
12-05-2014,12.8,13,12.8,12.9,4.14M,0.39%
13-05-2014,13,13.1,12.75,12.85,11.95M,-0.39%
14-05-2014,12.9,12.9,12.1,12.6,12.96M,-1.95%
15-05-2014,12.65,12.7,12.5,12.6,21.42M,0.00%
16-05-2014,12.7,13.2,12.65,12.85,57.81M,1.98%
19-05-2014,13,13.1,12.9,13,3.51M,1.17%
20-05-2014,13,13.1,12.95,13.05,12.05M,0.38%
21-05-2014,13,13.2,13,13.05,55.25M,0.00%
22-05-2014,13.05,13.1,12.85,13,6.09M,-0.38%
23-05-2014,12.85,13.05,12.75,12.95,2.74M,-0.38%
26-05-2014,13,13.05,13,13,2.21M,0.39%
27-05-2014,13,13.05,12.95,13,17.52M,0.00%
28-05-2014,12.95,13,12.9,12.95,23.77M,-0.38%
29-05-2014,12.95,13.05,12.9,13,29.63M,0.39%
30-05-2014,13,13.1,12.9,12.95,16.31M,-0.38%
03-06-2014,12.95,12.95,12.7,12.8,44.05M,-1.16%
04-06-2014,12.8,12.9,12.8,12.8,19.83M,0.00%
05-06-2014,12.95,12.95,12.8,12.8,31.26M,0.00%
06-06-2014,12.8,12.95,12.8,12.8,1.60M,0.00%
09-06-2014,12.8,12.95,12.8,12.85,16.15M,0.39%
10-06-2014,12.8,12.9,12.8,12.85,19.40M,0.00%
11-06-2014,12.8,13.05,12.8,12.9,11.00M,0.39%
12-06-2014,12.9,13,12.85,12.95,15.64M,0.39%
13-06-2014,12.95,13,12.85,12.9,4.04M,-0.39%
16-06-2014,12.9,12.95,12.8,12.85,1.41M,-0.39%
17-06-2014,12.8,12.9,12.8,12.85,14.53M,0.00%
18-06-2014,12.85,12.9,12.7,12.8,44.46M,-0.39%
19-06-2014,12.8,12.85,12.55,12.8,8.81M,0.00%
20-06-2014,12.8,12.9,12.75,12.8,16.25M,0.00%
23-06-2014,12.8,12.85,12.75,12.8,8.83M,0.00%
24-06-2014,12.8,12.8,12.5,12.65,19.78M,-1.17%
25-06-2014,12.6,12.7,12,12.55,17.58M,-0.79%
26-06-2014,12.2,12.5,12.2,12.4,24.17M,-1.20%
27-06-2014,12.35,12.55,12.35,12.45,22.86M,0.40%
30-06-2014,12.5,12.6,12.45,12.45,6.48M,0.00%
01-07-2014,12.5,13,12.5,12.65,17.98M,1.61%
02-07-2014,12.7,13.05,12.55,12.95,17.91M,2.37%
03-07-2014,12.65,12.8,12.55,12.75,1.59M,-1.54%
04-07-2014,12.7,12.8,12.65,12.7,1.79M,-0.39%
07-07-2014,12.75,12.9,12.7,12.75,24.37M,0.39%
08-07-2014,12.75,12.95,12.7,12.75,67.82M,0.00%
09-07-2014,12.75,12.85,12.65,12.7,6.32M,-0.39%
10-07-2014,12.75,12.75,12.5,12.55,10.89M,-1.18%
11-07-2014,12.6,12.6,12.2,12.4,2.34M,-1.20%
14-07-2014,12.45,12.5,12.3,12.35,11.88M,-0.40%
15-07-2014,12.4,12.45,12.3,12.3,8.04M,-0.40%
16-07-2014,12.3,12.35,12.1,12.15,12.25M,-1.22%
17-07-2014,12.2,12.2,12,12.05,24.87M,-0.82%
18-07-2014,12.05,12.25,12.05,12.1,15.45M,0.41%
21-07-2014,12.1,12.15,11.85,12,26.14M,-0.83%
22-07-2014,11.9,12.05,11.75,11.95,19.82M,-0.42%
23-07-2014,12,12.1,12,12.05,9.10M,0.84%
24-07-2014,12,12.1,12,12,4.18M,-0.41%
25-07-2014,12,12.35,12,12.2,24.48M,1.67%
28-07-2014,12.3,12.3,11.9,12,4.54M,-1.64%
30-07-2014,12,12.1,11.95,12.05,10.49M,0.42%
31-07-2014,12.05,12.4,12.05,12.2,5.11M,1.24%
01-08-2014,12.25,12.6,12.25,12.45,6.18M,2.05%
04-08-2014,12.6,12.7,12.45,12.5,4.69M,0.40%
05-08-2014,12.5,13,12.5,12.6,22.65M,0.80%
06-08-2014,12.6,13,12.6,12.95,11.49M,2.78%
07-08-2014,12.9,12.95,12.5,12.9,16.41M,-0.39%
08-08-2014,12.7,12.9,12.55,12.8,5.82M,-0.78%
11-08-2014,12.6,12.85,12.6,12.75,3.69M,-0.39%
12-08-2014,12.6,12.95,12.6,12.8,4.41M,0.39%
13-08-2014,12.8,12.85,12.65,12.75,2.96M,-0.39%
14-08-2014,12.75,12.9,12.65,12.8,7.31M,0.39%
15-08-2014,12.8,12.8,12.65,12.7,1.02M,-0.78%
18-08-2014,12.7,12.85,12.7,12.75,26.88M,0.39%
19-08-2014,12.7,12.8,12.65,12.75,9.19M,0.00%
20-08-2014,12.75,12.9,12.75,12.8,7.31M,0.39%
21-08-2014,12.75,12.85,12.75,12.75,20.90M,-0.39%
22-08-2014,12.75,12.8,12.7,12.75,30.16M,0.00%
25-08-2014,12.75,12.8,12.7,12.75,2.58M,0.00%
26-08-2014,12.75,12.8,12.75,12.75,1.72M,0.00%
27-08-2014,12.75,12.85,12.7,12.75,30.99M,0.00%
28-08-2014,12.75,12.85,12.7,12.75,1.98M,0.00%
29-08-2014,12.75,13.05,12.75,12.95,13.57M,1.57%
01-09-2014,13.1,13.3,12.95,13.15,2.74M,1.54%
02-09-2014,13.05,13.4,13,13.2,8.68M,0.38%
03-09-2014,13.2,13.5,13.2,13.4,12.30M,1.52%
04-09-2014,13.4,13.4,13.1,13.2,6.15M,-1.49%
05-09-2014,13.15,13.35,13.1,13.2,1.14M,0.00%
08-09-2014,13.2,13.35,13.2,13.25,3.96M,0.38%
09-09-2014,13.3,13.3,13.2,13.25,10.16M,0.00%
10-09-2014,13.25,13.25,13,13.15,13.20M,-0.75%
11-09-2014,13.05,13.15,12.85,12.95,10.95M,-1.52%
12-09-2014,12.5,13,12.5,12.9,12.28M,-0.39%
15-09-2014,12.9,13,12.85,12.9,16.07M,0.00%
16-09-2014,12.95,12.95,12.8,12.85,15.42M,-0.39%
17-09-2014,12.8,12.8,12.15,12.5,30.42M,-2.72%
18-09-2014,12.5,12.7,12.5,12.6,6.21M,0.80%
19-09-2014,12.6,12.7,12.5,12.6,30.92M,0.00%
22-09-2014,12.55,12.65,12.5,12.6,28.53M,0.00%
23-09-2014,12.6,12.65,12.5,12.55,9.41M,-0.40%
24-09-2014,12.6,12.65,12.5,12.55,9.58M,0.00%
25-09-2014,12.55,12.65,12.55,12.6,5.59M,0.40%
26-09-2014,12.65,12.75,12.6,12.7,12.57M,0.79%
29-09-2014,12.7,13.05,12.65,12.85,7.49M,1.18%
30-09-2014,12.8,13,12.75,12.9,11.74M,0.39%
01-10-2014,12.95,13,12.8,12.95,4.43M,0.39%
02-10-2014,12.95,12.95,12.75,12.75,5.93M,-1.54%
03-10-2014,12.75,12.85,12,12.7,4.37M,-0.39%
06-10-2014,12.9,12.9,12.6,12.65,834.10K,-0.39%
07-10-2014,12.7,12.9,12.6,12.75,3.25M,0.79%
08-10-2014,12.8,13,12.7,12.85,2.55M,0.78%
09-10-2014,12.9,12.95,12.75,12.85,6.91M,0.00%
10-10-2014,12.8,12.85,12.75,12.8,6.56M,-0.39%
13-10-2014,12.75,12.8,12.7,12.75,12.04M,-0.39%
14-10-2014,12.75,12.75,12.65,12.65,6.84M,-0.78%
15-10-2014,12.8,12.8,12.5,12.55,1.78M,-0.79%
16-10-2014,12.55,12.6,12.5,12.5,5.60M,-0.40%
17-10-2014,12.5,12.5,12,12.15,3.33M,-2.80%
21-10-2014,12,12.5,11.85,12.15,13.73M,0.00%
22-10-2014,12.4,12.55,12.3,12.45,5.35M,2.47%
23-10-2014,12.5,12.6,12.5,12.55,10.69M,0.80%
24-10-2014,12.45,12.5,12.05,12.25,2.79M,-2.39%
27-10-2014,12.3,12.5,12.15,12.2,4.55M,-0.41%
28-10-2014,12.05,12.2,12.05,12.1,11.88M,-0.82%
29-10-2014,12.1,12.3,12.1,12.15,8.94M,0.41%
30-10-2014,12.2,12.25,12.1,12.15,6.57M,0.00%
31-10-2014,12.1,12.3,12.1,12.15,6.24M,0.00%
03-11-2014,12.15,12.3,12.15,12.2,7.19M,0.41%
04-11-2014,12.2,12.25,12.15,12.2,4.15M,0.00%
05-11-2014,12.25,13,12.2,12.7,14.62M,4.10%
06-11-2014,12.2,13,12.2,12.8,25.78M,0.79%
07-11-2014,12.7,13.1,12.7,12.95,17.54M,1.17%
10-11-2014,12.9,13.05,12.45,12.95,9.21M,0.00%
11-11-2014,12.8,13.05,12.75,13,3.31M,0.39%
12-11-2014,13,13.55,12.8,13.35,24.90M,2.69%
13-11-2014,13.5,13.75,13,13.55,6.79M,1.50%
14-11-2014,13.5,13.85,13.3,13.7,6.00M,1.11%
17-11-2014,13.6,13.85,13.5,13.75,1.22M,0.36%
18-11-2014,13.75,13.85,13.6,13.75,4.21M,0.00%
19-11-2014,13.8,13.85,13.55,13.7,14.86M,-0.36%
20-11-2014,13.55,13.7,13.55,13.65,110.58M,-0.36%
21-11-2014,13.6,13.65,13.5,13.6,12.54M,-0.37%
24-11-2014,13.5,13.65,13,13.45,1.39M,-1.10%
25-11-2014,13.45,13.65,13.2,13.55,17.66M,0.74%
26-11-2014,13.6,13.95,13.3,13.8,12.09M,1.85%
27-11-2014,13.75,14,13.6,13.9,7.15M,0.72%
28-11-2014,13.95,13.95,13.7,13.8,12.07M,-0.72%
01-12-2014,14,14,13.8,13.9,6.08M,0.72%
02-12-2014,13.8,14,13.8,13.95,8.61M,0.36%
03-12-2014,13.95,14.65,13.95,14.2,20.75M,1.79%
04-12-2014,14.35,14.7,14.1,14.55,4.82M,2.46%
05-12-2014,14.6,14.95,14.6,14.8,5.34M,1.72%
08-12-2014,14.75,15.15,14.7,15,36.78M,1.35%
09-12-2014,15.1,15.15,14.9,15,22.23M,0.00%
10-12-2014,15,15,14.3,14.65,9.36M,-2.33%
11-12-2014,14.5,14.65,14,14.05,18.90M,-4.10%
15-12-2014,14.05,14.5,13.75,13.95,13.57M,-0.71%
16-12-2014,13.95,14.05,13.8,13.9,45.89M,-0.36%
17-12-2014,13.9,13.95,13.3,13.4,32.76M,-3.60%
18-12-2014,13.85,13.85,13.25,13.35,6.32M,-0.37%
19-12-2014,13.4,13.7,13.3,13.5,24.44M,1.12%
22-12-2014,13.4,13.6,13.35,13.45,10.43M,-0.37%
23-12-2014,13.45,14.05,13.45,13.9,6.46M,3.35%
24-12-2014,13.8,14.1,13.8,14,4.56M,0.72%
29-12-2014,14,14.2,14,14.05,19.25M,0.36%
30-12-2014,14.1,14.25,14,14.1,15.52M,0.36%
31-12-2014,14.15,14.15,14,14.05,7.61M,-0.35%
02-01-2015,14.1,14.5,14.05,14.15,8.65M,0.71%
05-01-2015,14.15,14.3,14,14.05,2.56M,-0.71%
06-01-2015,14,14.1,13.8,13.9,11.81M,-1.07%
07-01-2015,14,14,13.8,13.9,5.02M,0.00%
08-01-2015,13.85,13.9,13.6,13.75,3.75M,-1.08%
09-01-2015,13.7,13.85,13,13.75,2.16M,0.00%
12-01-2015,13.75,14.05,13.75,13.85,2.37M,0.73%
13-01-2015,14.05,15,14,14.7,1.35M,6.14%
14-01-2015,14.2,15,14.2,14.85,10.80M,1.02%
15-01-2015,14.8,14.85,14.5,14.6,9.22M,-1.68%
16-01-2015,14.6,14.9,14.5,14.85,5.72M,1.71%
19-01-2015,14.85,14.85,14.35,14.55,1.59M,-2.02%
20-01-2015,14.5,14.5,13.9,13.95,14.47M,-4.12%
21-01-2015,14.85,14.85,14.1,14.2,7.50M,1.79%
22-01-2015,14.2,14.5,14.1,14.2,3.67M,0.00%
23-01-2015,14.3,14.3,14.1,14.15,14.17M,-0.35%
26-01-2015,14.2,14.2,14,14,7.05M,-1.06%
27-01-2015,14,14.2,14,14.1,5.27M,0.71%
28-01-2015,14.15,14.3,14.1,14.15,8.61M,0.35%
29-01-2015,14.15,14.2,14.1,14.1,7.36M,-0.35%
30-01-2015,14.1,14.25,14.1,14.15,9.10M,0.35%
02-02-2015,14.1,14.3,14.1,14.25,14.71M,0.71%
03-02-2015,14.25,14.5,14.2,14.3,1.89M,0.35%
04-02-2015,14.3,14.75,14.3,14.45,2.27M,1.05%
05-02-2015,14.6,14.75,14.45,14.55,8.38M,0.69%
06-02-2015,14.45,14.7,14.45,14.55,5.47M,0.00%
09-02-2015,14.5,15,14.5,14.8,13.76M,1.72%
10-02-2015,14.8,14.95,14.5,14.8,11.69M,0.00%
11-02-2015,14.8,14.95,14.6,14.85,12.59M,0.34%
12-02-2015,14.85,14.9,14.5,14.75,10.56M,-0.67%
13-02-2015,14.85,14.95,14.85,14.85,25.00M,0.68%
16-02-2015,14.8,14.95,14.8,14.85,1.32M,0.00%
17-02-2015,14.85,14.9,14.8,14.85,3.23M,0.00%
18-02-2015,14.85,15.1,14.85,14.95,6.54M,0.67%
19-02-2015,15,15.3,15,15.15,3.82M,1.34%
20-02-2015,15.15,15.5,15.15,15.35,5.61M,1.32%
23-02-2015,15.35,15.7,15.35,15.45,4.37M,0.65%
24-02-2015,15.55,15.95,15.55,15.7,6.85M,1.62%
25-02-2015,15.8,16,15.7,15.9,33.86M,1.27%
26-02-2015,16,16,15.6,15.75,5.68M,-0.94%
27-02-2015,15.75,15.9,15.75,15.8,9.11M,0.32%
02-03-2015,15.85,16,15.25,15.65,5.21M,-0.95%
03-03-2015,15.45,15.65,15.3,15.4,30.44M,-1.60%
04-03-2015,15.4,16,15.35,15.45,22.04M,0.32%
05-03-2015,15.65,15.8,15.55,15.7,3.84M,1.62%
06-03-2015,15.7,15.95,15.6,15.8,5.83M,0.64%
09-03-2015,15.7,15.8,15.4,15.55,6.60M,-1.58%
10-03-2015,15.55,15.85,15.55,15.75,8.94M,1.29%
11-03-2015,15.75,16,15.75,15.85,3.25M,0.63%
12-03-2015,15.95,16,15.8,15.95,9.55M,0.63%
13-03-2015,15.9,16,15.5,15.8,6.92M,-0.94%
16-03-2015,15.75,15.8,15.6,15.65,11.98M,-0.95%
17-03-2015,15.7,15.75,15,15.6,6.76M,-0.32%
18-03-2015,15.65,15.9,15.65,15.75,6.76M,0.96%
19-03-2015,15.75,15.95,15.75,15.9,4.48M,0.95%
20-03-2015,15.85,15.95,15.8,15.85,5.86M,-0.31%
23-03-2015,15.85,16,15.85,15.9,4.80M,0.32%
24-03-2015,15.95,16.1,15.95,16,6.65M,0.63%
25-03-2015,16,16.25,16,16.1,3.17M,0.63%
26-03-2015,16.1,17,16.1,16.45,20.19M,2.17%
27-03-2015,16.7,17.5,16.5,16.6,2.84M,0.91%
30-03-2015,16.7,16.95,16.5,16.7,5.05M,0.60%
31-03-2015,16.85,17.4,16.8,17.05,6.06M,2.10%
01-04-2015,17.2,17.4,16.8,17,23.45M,-0.29%
02-04-2015,17,17.05,15.85,16.6,10.23M,-2.35%
07-04-2015,16.6,16.6,15.75,15.9,25.35M,-4.22%
08-04-2015,15.9,16.2,15.85,15.95,20.21M,0.31%
09-04-2015,16.4,16.5,16.15,16.35,16.65M,2.51%
10-04-2015,16.35,16.35,15.75,15.9,30.23M,-2.75%
13-04-2015,16.1,16.35,15.9,16,1.19M,0.63%
14-04-2015,16.05,16.35,16,16.1,5.47M,0.63%
15-04-2015,16.1,16.5,16.05,16.3,2.17M,1.24%
16-04-2015,16.4,17,16.35,16.75,2.94M,2.76%
17-04-2015,17,17.5,16.65,17.2,13.01M,2.69%
20-04-2015,17.3,17.4,17,17.25,5.35M,0.29%
21-04-2015,17.3,17.4,17.05,17.2,5.58M,-0.29%
22-04-2015,17.2,17.2,17,17.05,4.11M,-0.87%
23-04-2015,17.05,17.4,17.05,17.2,8.08M,0.88%
24-04-2015,17.25,17.4,17.15,17.3,14.06M,0.58%
27-04-2015,17.3,17.3,17.05,17.1,2.99M,-1.16%
28-04-2015,17.05,17.4,17,17.2,1.66M,0.58%
29-04-2015,17.4,17.5,17.2,17.3,25.20M,0.58%
30-04-2015,17.3,17.5,17.3,17.4,4.95M,0.58%
04-05-2015,17.4,17.5,17.35,17.45,6.84M,0.29%
05-05-2015,17.45,17.65,17.4,17.5,4.54M,0.29%
06-05-2015,17.5,17.9,17.5,17.55,11.93M,0.29%
07-05-2015,17.55,17.7,16.95,17.15,19.81M,-2.28%
08-05-2015,17.55,17.55,16.95,17.05,29.26M,-0.58%
11-05-2015,17.05,17.15,16.75,16.9,10.93M,-0.88%
12-05-2015,16.9,16.9,16.25,16.65,17.86M,-1.48%
13-05-2015,16.5,16.5,15.85,16.1,22.16M,-3.30%
14-05-2015,16.3,16.45,16.2,16.35,4.22M,1.55%
15-05-2015,16.2,16.5,16.2,16.35,9.94M,0.00%
18-05-2015,16.4,16.7,16.35,16.5,7.84M,0.92%
19-05-2015,16.5,16.75,16.5,16.6,10.56M,0.61%
20-05-2015,16.6,16.7,16.35,16.45,10.06M,-0.90%
21-05-2015,16.45,16.55,16.25,16.3,8.67M,-0.91%
22-05-2015,16.3,16.3,16.1,16.2,11.53M,-0.61%
25-05-2015,16.3,16.3,15.95,16,11.04M,-1.23%
26-05-2015,15.95,16,15.5,15.65,8.63M,-2.19%
27-05-2015,15.5,15.6,15,15.2,64.51M,-2.88%
28-05-2015,15.2,15.7,15.2,15.55,12.82M,2.30%
29-05-2015,15.6,16.8,15.6,15.85,34.34M,1.93%
02-06-2015,15.85,16.9,15.85,16.5,2.44M,4.10%
03-06-2015,16.5,16.7,16.05,16.4,17.79M,-0.61%
04-06-2015,16.45,16.7,16,16.45,11.52M,0.30%
05-06-2015,16.3,16.65,16.1,16.35,5.05M,-0.61%
08-06-2015,16.35,16.35,15.9,16.1,11.19M,-1.53%
09-06-2015,16.3,16.3,16,16.05,21.38M,-0.31%
10-06-2015,16.05,16.1,16,16.05,7.37M,0.00%
11-06-2015,16,16.05,16,16.05,14.35M,0.00%
12-06-2015,16.05,16.25,16.05,16.05,3.42M,0.00%
15-06-2015,16.05,16.15,16.05,16.1,6.98M,0.31%
16-06-2015,16.1,16.25,16,16.1,11.03M,0.00%
17-06-2015,16.2,16.2,16,16.05,1.96M,-0.31%
18-06-2015,16.05,16.1,16,16.05,24.40M,0.00%
19-06-2015,16.05,16.1,16.05,16.05,11.69M,0.00%
22-06-2015,16.1,16.7,15.9,16.35,10.92M,1.87%
23-06-2015,16,16.1,15.9,16,11.20M,-2.14%
24-06-2015,16.05,16.2,16.05,16.05,4.05M,0.31%
25-06-2015,16.05,16.2,16,16.1,21.43M,0.31%
26-06-2015,16.1,16.2,16.05,16.1,3.70M,0.00%
29-06-2015,16.1,16.4,16.1,16.3,6.02M,1.24%
30-06-2015,16.35,16.6,16.3,16.45,8.44M,0.92%
01-07-2015,16.6,16.6,16.45,16.5,6.56M,0.30%
02-07-2015,16.5,16.55,16.3,16.45,2.69M,-0.30%
03-07-2015,16.5,16.5,16.3,16.35,295.10K,-0.61%
06-07-2015,16.35,16.5,16.2,16.35,2.59M,0.00%
07-07-2015,16.35,16.9,16.2,16.35,2.09M,0.00%
08-07-2015,16.45,16.6,15.9,16.15,49.67M,-1.22%
09-07-2015,16,16.2,15.8,16,48.13M,-0.93%
10-07-2015,15.95,16.1,15.9,16,10.38M,0.00%
13-07-2015,16,16.1,15.85,15.85,9.20M,-0.94%
14-07-2015,15.9,16,15.1,15.75,16.84M,-0.63%
15-07-2015,15.7,16.5,15.1,15.7,22.82M,-0.32%
16-07-2015,15.75,15.75,15.2,15.25,10.44M,-2.87%
17-07-2015,15.25,15.3,15.15,15.15,9.70M,-0.66%
20-07-2015,15.2,15.45,15.1,15.3,17.72M,0.99%
21-07-2015,15.25,16,15.25,15.5,29.23M,1.31%
22-07-2015,15.75,15.75,15.3,15.55,4.17M,0.32%
23-07-2015,15.5,16,15.25,15.45,8.50M,-0.64%
24-07-2015,15.5,15.5,15.15,15.3,17.57M,-0.97%
27-07-2015,15.3,15.5,15.15,15.45,6.62M,0.98%
28-07-2015,15.4,15.5,15.3,15.45,6.49M,0.00%
29-07-2015,15.3,15.4,15.1,15.2,16.52M,-1.62%
30-07-2015,15.25,15.25,14.9,14.95,796.90K,-1.64%
31-07-2015,15,15,14.05,14.4,15.65M,-3.68%
03-08-2015,14.4,14.5,14.1,14.15,13.96M,-1.74%
04-08-2015,14.15,14.2,14,14,85.74M,-1.06%
05-08-2015,14.05,14.15,13.6,13.95,27.59M,-0.36%
06-08-2015,13.85,14.25,13.7,13.9,30.58M,-0.36%
07-08-2015,13.95,14.95,13.95,14.55,1.64M,4.68%
10-08-2015,14.7,15.5,14.7,15.35,10.16M,5.50%
11-08-2015,15.45,15.85,15.4,15.5,13.17M,0.98%
12-08-2015,15.5,15.75,15.5,15.6,5.49M,0.65%
13-08-2015,15.6,15.6,15.3,15.45,8.37M,-0.96%
14-08-2015,15.5,15.5,15,15,9.34M,-2.91%
17-08-2015,15.1,15.1,14.65,14.9,2.04M,-0.67%
18-08-2015,14.85,15,14.7,14.85,2.79M,-0.34%
19-08-2015,15,15.2,14.9,15,6.87M,1.01%
20-08-2015,15.15,15.4,15.05,15.1,2.30M,0.67%
21-08-2015,15.05,15.1,14.9,15,7.97M,-0.66%
24-08-2015,14.95,15,13.95,14.35,6.96M,-4.33%
25-08-2015,14.35,14.35,13.9,13.95,7.87M,-2.79%
26-08-2015,13.95,13.95,12.8,13.45,5.55M,-3.58%
27-08-2015,13,14.5,12.6,13.5,12.52M,0.37%
28-08-2015,13.9,14.5,13.9,14.15,29.19M,4.81%
31-08-2015,14.1,15,14,14.4,2.23M,1.77%
01-09-2015,14.6,14.8,14.5,14.6,2.91M,1.39%
02-09-2015,14.6,15.1,14.3,14.6,4.43M,0.00%
03-09-2015,15,15.6,14.85,15.2,4.53M,4.11%
04-09-2015,13.7,15.1,13.7,14.85,10.77M,-2.30%
07-09-2015,14.8,14.85,14.5,14.6,13.38M,-1.68%
08-09-2015,14.6,14.75,14.5,14.6,1.12M,0.00%
09-09-2015,14.6,14.7,14,14.4,52.58M,-1.37%
10-09-2015,14.6,14.6,14.05,14.4,2.29M,0.00%
11-09-2015,14.4,14.65,14.4,14.55,3.53M,1.04%
14-09-2015,14.6,14.9,14.55,14.7,3.16M,1.03%
15-09-2015,14.65,15.4,14.65,15.15,11.23M,3.06%
16-09-2015,15.2,15.2,14.8,14.95,6.04M,-1.32%
17-09-2015,15,15.1,14.7,15,6.12M,0.33%
18-09-2015,14.7,14.95,14.55,14.75,6.63M,-1.67%
21-09-2015,14.65,15.2,14.5,14.9,4.90M,1.02%
22-09-2015,14.9,15.2,14.6,15,9.09M,0.67%
23-09-2015,15,15.2,15,15.1,9.03M,0.67%
24-09-2015,15.1,15.2,15,15.15,3.43M,0.33%
25-09-2015,15.1,15.3,15.05,15.15,7.07M,0.00%
28-09-2015,15.2,15.25,15.1,15.2,15.05M,0.33%
29-09-2015,15.25,15.25,14.8,15.15,13.61M,-0.33%
30-09-2015,15,15.25,15,15.2,16.38M,0.33%
01-10-2015,15.1,15.15,14.65,14.95,6.46M,-1.64%
02-10-2015,14.9,14.95,14.2,14.45,13.96M,-3.34%
05-10-2015,14.45,14.75,14.3,14.65,4.23M,1.38%
06-10-2015,14.65,14.75,14.55,14.65,719.90K,0.00%
07-10-2015,14.65,14.75,14.6,14.65,16.02M,0.00%
08-10-2015,14.65,14.8,14.55,14.7,3.11M,0.34%
09-10-2015,14.7,15,14.7,14.8,4.56M,0.68%
12-10-2015,14.7,15.05,14.6,14.95,6.52M,1.01%
13-10-2015,14.8,15.15,14.7,15,3.95M,0.33%
14-10-2015,14.85,15,14.2,14.7,5.94M,-2.00%
15-10-2015,15,15,14.2,14.4,6.01M,-2.04%
16-10-2015,14.2,14.75,14.2,14.55,7.00M,1.04%
19-10-2015,14.5,15.05,14.5,14.75,2.03M,1.37%
21-10-2015,15,15.1,14.6,15,8.54M,1.69%
22-10-2015,15.05,15.1,14.75,14.95,2.05M,-0.33%
23-10-2015,15,15.05,14.9,14.95,3.19M,0.00%
26-10-2015,14.95,14.95,14.5,14.5,4.25M,-3.01%
27-10-2015,14.55,14.65,14.5,14.5,5.26M,0.00%
28-10-2015,14.5,14.8,14.5,14.55,9.80M,0.34%
29-10-2015,14.5,14.6,14.25,14.4,5.93M,-1.03%
30-10-2015,14.2,14.5,14.2,14.35,8.01M,-0.35%
02-11-2015,14.4,14.5,14.25,14.35,644.10K,0.00%
03-11-2015,14.35,14.5,14,14.45,30.95M,0.70%
04-11-2015,14.05,14.5,14.05,14.3,3.82M,-1.04%
05-11-2015,14.35,15.1,14.35,14.95,16.31M,4.55%
06-11-2015,15,15.15,15,15.05,2.39M,0.67%
09-11-2015,15.05,15.25,14.95,15.05,2.94M,0.00%
10-11-2015,15.05,15.75,15.05,15.45,6.50M,2.66%
11-11-2015,15.5,16,15.45,15.85,4.49M,2.59%
12-11-2015,15.5,16.2,15.5,16.05,7.80M,1.26%
13-11-2015,16.05,16.5,15.85,16,5.33M,-0.31%
16-11-2015,16.1,16.15,16.05,16.05,10.73M,0.31%
17-11-2015,16.05,16.3,16.05,16.15,3.06M,0.62%
18-11-2015,16.15,16.5,16.1,16.25,5.62M,0.62%
19-11-2015,16.3,16.6,16.2,16.5,13.86M,1.54%
20-11-2015,16.55,16.95,16.5,16.65,4.06M,0.91%
23-11-2015,16.8,16.95,16.35,16.75,8.60M,0.60%
24-11-2015,16.3,16.5,16,16.25,15.36M,-2.99%
25-11-2015,16.5,16.5,15.5,16.05,2.98M,-1.23%
27-11-2015,16,16.1,14.5,15.35,4.64M,-4.36%
30-11-2015,15.6,15.9,15.3,15.55,15.52M,1.30%
01-12-2015,15.6,15.75,15.5,15.65,4.23M,0.64%
02-12-2015,15.6,16.2,15.55,15.85,5.41M,1.28%
03-12-2015,15.75,16,15.6,15.7,1.64M,-0.95%
04-12-2015,15.7,15.85,15.5,15.55,8.47M,-0.96%
07-12-2015,15.95,15.95,15.6,15.7,21.24M,0.96%
08-12-2015,15.7,16,15.7,15.95,9.25M,1.59%
09-12-2015,16.05,16.25,15.75,16.1,4.13M,0.94%
10-12-2015,16,16.25,15.95,16.15,5.40M,0.31%
11-12-2015,16.1,16.4,16,16.25,9.03M,0.62%
14-12-2015,16.1,16.65,16,16.4,11.07M,0.92%
15-12-2015,16.35,16.5,16.3,16.4,8.49M,0.00%
16-12-2015,16.5,16.9,16.2,16.7,8.30M,1.83%
17-12-2015,16,16.7,15.9,16.6,10.87M,-0.60%
18-12-2015,16.6,16.8,16.3,16.7,6.65M,0.60%
21-12-2015,16.8,16.9,16.5,16.7,6.63M,0.00%
22-12-2015,16.7,16.8,15.8,16.7,9.04M,0.00%
23-12-2015,16,16.5,15.85,16.1,979.10K,-3.59%
24-12-2015,16,16.2,15.75,15.9,856.20K,-1.24%
28-12-2015,15.9,16,15.9,15.9,279.40K,0.00%
29-12-2015,15.9,16.3,15.9,16.1,2.96M,1.26%
30-12-2015,16.05,16.5,16,16.25,623.40K,0.93%
31-12-2015,0,16.5,16.5,16.5,309.20K,1.54%
04-01-2016,16.3,16.7,16.05,16.35,1.64M,-0.91%
05-01-2016,16.2,16.55,16.2,16.35,9.80M,0.00%
06-01-2016,16.4,16.75,16.4,16.6,5.17M,1.53%
07-01-2016,16.6,16.7,16.5,16.5,1.55M,-0.60%
08-01-2016,16.5,16.5,16.2,16.4,6.27M,-0.61%
11-01-2016,16.25,16.4,16,16.25,9.23M,-0.91%
12-01-2016,16.05,16.1,15.9,16,6.67M,-1.54%
13-01-2016,16,16.2,15.85,16.1,1.53M,0.63%
14-01-2016,16.1,16.15,16,16.05,5.25M,-0.31%
15-01-2016,16,16.15,16,16.1,3.32M,0.31%
18-01-2016,16.1,16.2,16.1,16.1,1.24M,0.00%
19-01-2016,16.1,16.2,15.9,16.1,22.76M,0.00%
20-01-2016,16,16,15.45,15.75,7.62M,-2.17%
21-01-2016,15.7,15.75,15,15.25,2.93M,-3.17%
22-01-2016,15.4,15.4,15,15.1,5.48M,-0.98%
25-01-2016,15.1,15.4,15.05,15.25,4.81M,0.99%
26-01-2016,15.25,15.35,15.25,15.25,11.48M,0.00%
27-01-2016,15.3,15.3,15.1,15.15,4.89M,-0.66%
28-01-2016,15.15,15.25,15.1,15.15,3.59M,0.00%
29-01-2016,15.2,15.3,15.15,15.15,2.96M,0.00%
01-02-2016,15.1,16.1,15.1,15.55,4.75M,2.64%
02-02-2016,15.55,16.5,15.5,16,7.26M,2.89%
03-02-2016,16,17,15.7,16.7,9.29M,4.38%
04-02-2016,16.4,16.5,15.65,16.25,11.75M,-2.69%
05-02-2016,16.25,16.5,16,16.2,9.18M,-0.31%
08-02-2016,16,16.2,15.9,16.15,1.79M,-0.31%
09-02-2016,16.1,16.1,15.6,16,13.41M,-0.93%
10-02-2016,16,16,15.55,15.75,3.23M,-1.56%
11-02-2016,16,16,15.55,15.65,9.01M,-0.63%
12-02-2016,15.7,15.95,15.65,15.8,10.36M,0.96%
15-02-2016,15.8,15.95,15.7,15.75,491.40K,-0.32%
16-02-2016,15.8,15.85,15.5,15.7,10.66M,-0.32%
17-02-2016,15.6,15.65,15.5,15.55,4.39M,-0.96%
18-02-2016,15.55,15.85,15.5,15.6,16.44M,0.32%
19-02-2016,15.6,16,15.6,15.85,349.10K,1.60%
22-02-2016,15.65,15.9,15.6,15.7,492.30K,-0.95%
23-02-2016,15.7,16,15.65,15.95,1.55M,1.59%
24-02-2016,15.75,16.15,15.75,16,9.88M,0.31%
25-02-2016,16.05,16.2,16,16.05,2.72M,0.31%
26-02-2016,16.1,16.45,16,16.1,1.51M,0.31%
29-02-2016,16.2,16.5,16.05,16.2,1.83M,0.62%
01-03-2016,16.2,16.3,16.1,16.15,4.32M,-0.31%
02-03-2016,16.15,16.65,16.15,16.55,12.24M,2.48%
03-03-2016,16.7,17.25,16.2,16.9,26.79M,2.11%
04-03-2016,16.5,17.05,16.3,17,4.95M,0.59%
07-03-2016,16.9,17.05,16.2,17,13.54M,0.00%
08-03-2016,16.6,16.7,16.4,16.5,14.87M,-2.94%
09-03-2016,16.5,16.5,16.35,16.45,5.78M,-0.30%
10-03-2016,16.4,16.45,16.15,16.25,14.68M,-1.22%
11-03-2016,16.25,16.4,16.2,16.3,10.03M,0.31%
14-03-2016,16.35,16.55,16.3,16.45,12.46M,0.92%
15-03-2016,16.3,16.5,16.3,16.35,8.40M,-0.61%
16-03-2016,16.45,16.6,16.3,16.4,15.04M,0.31%
17-03-2016,16.3,16.6,16.3,16.5,22.24M,0.61%
18-03-2016,16.5,16.6,16.4,16.5,12.99M,0.00%
21-03-2016,16.45,16.5,16.3,16.45,8.25M,-0.30%
22-03-2016,16.5,17,16.4,16.75,16.11M,1.82%
23-03-2016,16.7,17,16.65,16.85,5.34M,0.60%
24-03-2016,16.75,17,16.75,16.9,7.88M,0.30%
29-03-2016,16.9,16.9,16.7,16.8,5.46M,-0.59%
30-03-2016,16.8,16.85,16.7,16.7,6.56M,-0.60%
31-03-2016,16.7,17,16.6,16.9,6.77M,1.20%
01-04-2016,16.7,17,16.7,16.85,6.05M,-0.30%
04-04-2016,16.85,16.9,16.7,16.8,3.35M,-0.30%
05-04-2016,16.75,16.8,16.75,16.8,18.10M,0.00%
06-04-2016,16.9,16.9,16.75,16.75,2.61M,-0.30%
07-04-2016,16.8,16.8,16.75,16.75,4.11M,0.00%
08-04-2016,16.7,16.8,16.7,16.75,7.68M,0.00%
11-04-2016,16.75,16.8,16.65,16.7,1.69M,-0.30%
12-04-2016,16.75,16.75,16.65,16.7,1.59M,0.00%
13-04-2016,16.7,16.8,16.7,16.75,4.07M,0.30%
14-04-2016,16.8,17.1,16.75,16.95,3.63M,1.19%
15-04-2016,16.8,17.3,16.8,17.1,10.77M,0.88%
18-04-2016,17.1,17.3,17.1,17.2,12.91M,0.58%
19-04-2016,17.2,17.35,17.2,17.3,21.15M,0.58%
20-04-2016,17.3,17.85,17.25,17.45,5.16M,0.87%
21-04-2016,17.85,17.85,17.25,17.4,8.76M,-0.29%
22-04-2016,17.4,17.4,16.9,17.1,12.30M,-1.72%
25-04-2016,16.85,17,16.85,16.95,1.06M,-0.88%
26-04-2016,16.9,17,16.85,16.95,10.65M,0.00%
27-04-2016,16.95,17.1,16.85,16.95,8.11M,0.00%
28-04-2016,16.95,17.15,16.9,17.1,9.97M,0.88%
29-04-2016,17.1,17.15,17,17.1,6.73M,0.00%
03-05-2016,16.95,17.1,16.9,16.95,2.31M,-0.88%
04-05-2016,16.9,17,16.8,16.9,8.72M,-0.29%
05-05-2016,16.8,17,16.8,16.9,11.78M,0.00%
06-05-2016,16.85,17.1,16.75,16.9,1.40M,0.00%
09-05-2016,16.9,16.95,16.6,16.9,7.53M,0.00%
10-05-2016,16.95,17,16.9,16.95,2.34M,0.30%
11-05-2016,17.05,17.2,17,17.1,4.50M,0.88%
12-05-2016,17.1,17.45,17.1,17.25,1.18M,0.88%
13-05-2016,17.25,17.45,17.25,17.3,746.60K,0.29%
16-05-2016,17.4,17.4,17.3,17.35,3.34M,0.29%
17-05-2016,17.3,17.35,17,17.15,4.51M,-1.15%
18-05-2016,17.05,17.3,17.05,17.15,1.54M,0.00%
19-05-2016,17.3,17.4,17.25,17.3,6.97M,0.87%
20-05-2016,17.3,17.4,17.15,17.35,5.03M,0.29%
23-05-2016,17.3,17.3,17.1,17.2,2.24M,-0.86%
24-05-2016,17.1,17.45,17.1,17.35,6.28M,0.87%
25-05-2016,17.45,17.45,17.15,17.25,6.92M,-0.58%
26-05-2016,17.2,17.3,17,17.25,3.48M,0.00%
27-05-2016,17.2,17.25,17.05,17.1,3.92M,-0.87%
30-05-2016,17.2,17.2,17.05,17.05,2.57M,-0.29%
31-05-2016,17.1,17.1,16.9,17,5.75M,-0.29%
02-06-2016,17,17.1,16.9,17,10.13M,0.00%
03-06-2016,17,17,16.9,16.95,4.23M,-0.29%
06-06-2016,16.95,17.25,16.9,17.15,11.41M,1.18%
07-06-2016,17.2,17.6,17.2,17.5,9.49M,2.04%
08-06-2016,17.5,18.05,17.3,17.9,17.67M,2.29%
09-06-2016,17.9,18.4,17.9,18.25,21.02M,1.96%
10-06-2016,18.2,18.35,18.1,18.25,6.69M,0.00%
13-06-2016,18.25,18.3,18,18.15,2.14M,-0.55%
14-06-2016,18,18.25,18,18.1,2.09M,-0.28%
15-06-2016,18.1,18.35,18.05,18.3,9.44M,1.10%
16-06-2016,18.25,19,18.2,18.6,32.59M,1.64%
17-06-2016,18.75,18.8,18.1,18.7,10.90M,0.54%
20-06-2016,18.6,18.9,18.3,18.7,20.04M,0.00%
21-06-2016,18.6,18.75,18.3,18.4,8.11M,-1.60%
22-06-2016,18.3,18.35,17.65,18.05,9.02M,-1.90%
23-06-2016,18.4,18.4,17.6,17.9,22.61M,-0.83%
24-06-2016,17.85,17.85,17.25,17.45,2.59M,-2.51%
27-06-2016,17.85,17.85,17.15,17.3,4.86M,-0.86%
28-06-2016,17.45,17.45,17,17.15,9.09M,-0.87%
29-06-2016,17.15,17.7,16.9,17.1,6.83M,-0.29%
30-06-2016,17.6,18,17.5,17.75,20.74M,3.80%
01-07-2016,17.5,17.6,17.5,17.55,20.36M,-1.13%
04-07-2016,17.55,17.55,17.25,17.45,6.50M,-0.57%
05-07-2016,17.3,17.5,17.3,17.35,4.19M,-0.57%
06-07-2016,17.3,17.6,17.15,17.55,9.34M,1.15%
08-07-2016,17.5,17.75,17.35,17.55,8.55M,0.00%
11-07-2016,17.55,17.75,17.3,17.45,14.81M,-0.57%
12-07-2016,17.4,17.5,17.05,17.3,7.79M,-0.86%
13-07-2016,17.3,17.4,17.2,17.35,2.75M,0.29%
14-07-2016,17.35,17.5,17.35,17.4,13.52M,0.29%
15-07-2016,17.4,17.4,17.3,17.35,9.03M,-0.29%
18-07-2016,17.35,17.35,17.1,17.25,1.65M,-0.58%
19-07-2016,17.3,17.95,17.25,17.65,31.50M,2.32%
20-07-2016,17.8,18.3,17.1,18,24.87M,1.98%
21-07-2016,18,18.2,18,18.1,21.42M,0.56%
22-07-2016,18.05,18.1,18,18.05,4.73M,-0.28%
25-07-2016,18.25,18.3,18,18.1,8.33M,0.28%
26-07-2016,18.4,19.2,18.4,18.85,19.38M,4.14%
27-07-2016,19,19,18.55,18.85,4.92M,0.00%
28-07-2016,18.8,19.05,18.8,18.9,8.62M,0.27%
29-07-2016,18.9,19.2,18.9,19.05,2.84M,0.79%
01-08-2016,19.1,19.55,19,19.4,17.38M,1.84%
02-08-2016,19.5,21,19.5,20,19.79M,3.09%
03-08-2016,20.25,20.75,20.25,20.25,13.09M,1.25%
04-08-2016,20.25,20.25,19.4,19.65,3.09M,-2.96%
05-08-2016,19.5,20,19.5,19.8,11.54M,0.76%
08-08-2016,19.55,19.8,19.55,19.7,9.87M,-0.51%
09-08-2016,19.7,20,19.65,19.75,5.32M,0.25%
10-08-2016,19.8,20,19.8,19.9,4.46M,0.76%
11-08-2016,19.8,20,19.75,19.9,3.25M,0.00%
12-08-2016,19.9,20.25,19.9,20,1.46M,0.50%
15-08-2016,20,20.5,20,20.25,1.39M,1.25%
16-08-2016,20.25,21.5,20.25,21,6.35M,3.70%
17-08-2016,21.25,21.75,21,21.25,8.69M,1.19%
18-08-2016,21,21.5,21,21.25,19.52M,0.00%
19-08-2016,21.25,21.5,20.5,21.25,41.41M,0.00%
22-08-2016,21,21.25,20.5,20.75,2.27M,-2.35%
23-08-2016,20.75,21.5,20.75,21.25,2.81M,2.41%
24-08-2016,21,21.75,21,21.25,22.57M,0.00%
25-08-2016,21.25,21.5,19.15,20,26.24M,-5.88%
26-08-2016,19.5,19.85,19.5,19.65,9.08M,-1.75%
29-08-2016,19.75,20.25,19.75,20,46.32M,1.78%
30-08-2016,20,20.25,19.8,20,12.41M,0.00%
31-08-2016,20,20.5,20,20,12.20M,0.00%
01-09-2016,20.25,20.5,19.9,20,58.73M,0.00%
02-09-2016,19.9,20.25,19.85,19.95,5.90M,-0.25%
05-09-2016,19,19,18,18.4,5.36M,-7.77%
06-09-2016,18.5,19,18.5,18.85,4.87M,2.45%
07-09-2016,18.95,19.1,18.8,19,57.67M,0.80%
08-09-2016,19,19.05,18.9,19,6.43M,0.00%
09-09-2016,19,19.5,18.95,19,3.64M,0.00%
13-09-2016,19,19.3,18.65,19,8.09M,0.00%
14-09-2016,18.9,19,18.7,18.9,6.34M,-0.53%
15-09-2016,18.85,19,18.75,18.9,1.71M,0.00%
16-09-2016,19,19,18.75,18.9,2.72M,0.00%
19-09-2016,18.9,19.2,18.9,19,2.17M,0.53%
20-09-2016,19.05,19.3,19.05,19.15,5.39M,0.79%
21-09-2016,19.05,19.4,19,19.35,10.81M,1.04%
22-09-2016,19.5,19.5,19,19.4,106.20M,0.26%
23-09-2016,19.2,19.55,19.2,19.4,1.50M,0.00%
26-09-2016,19.55,19.7,19.2,19.5,1.12M,0.52%
27-09-2016,19.55,19.8,19.55,19.7,53.64M,1.03%
28-09-2016,19.7,20,19.2,19.95,7.41M,1.27%
29-09-2016,19.2,19.95,19.2,19.85,939.80K,-0.50%
30-09-2016,19.7,20,19.7,19.95,16.35M,0.50%
03-10-2016,19.9,20.5,19.7,20,7.98M,0.25%
04-10-2016,20,20.25,20,20,8.62M,0.00%
05-10-2016,20,20.25,19.95,20,4.78M,0.00%
06-10-2016,20,20.25,19.9,19.95,3.65M,-0.25%
07-10-2016,19.95,20.5,19.95,20.25,3.91M,1.50%
10-10-2016,20.25,20.5,20,20.25,37.95M,0.00%
11-10-2016,20.25,20.75,19.95,20,9.58M,-1.23%
12-10-2016,20,20,19.5,19.9,3.60M,-0.50%
13-10-2016,19.75,20.25,19.75,19.95,6.40M,0.25%
14-10-2016,19.85,20.25,19.85,19.95,495.00K,0.00%
17-10-2016,20,20,19.8,19.85,3.70M,-0.50%
18-10-2016,19.85,19.85,19.7,19.75,909.50K,-0.50%
19-10-2016,19.75,19.8,19.55,19.7,1.85M,-0.25%
21-10-2016,19.75,19.85,19.65,19.7,17.66M,0.00%
24-10-2016,19.7,20.25,19.7,20,4.94M,1.52%
25-10-2016,20,20.25,19.8,20,1.57M,0.00%
26-10-2016,20,20.25,19.95,20,8.90M,0.00%
27-10-2016,20,20,19.9,19.95,6.14M,-0.25%
28-10-2016,20,20,19.8,19.9,628.50K,-0.25%
31-10-2016,19.9,19.95,19.75,19.85,4.52M,-0.25%
01-11-2016,19.9,21.25,19.75,20.25,4.06M,2.02%
02-11-2016,20,21,20,20.75,4.07M,2.47%
03-11-2016,20.75,21.5,20.75,21.25,21.77M,2.41%
04-11-2016,21.25,21.75,20.75,21.25,18.37M,0.00%
07-11-2016,21.5,21.5,21,21,5.74M,-1.18%
08-11-2016,20.75,21,20.5,20.75,16.02M,-1.19%
09-11-2016,20.75,20.75,19.65,20.25,7.08M,-2.41%
10-11-2016,20.25,21,20.25,20.75,3.93M,2.47%
11-11-2016,21,21,20.5,20.75,8.73M,0.00%
14-11-2016,21,21,20.25,20.25,3.33M,-2.41%
15-11-2016,20.25,20.75,20,20.25,3.41M,0.00%
16-11-2016,20,21,20,20.5,4.93M,1.23%
17-11-2016,20.75,21.5,20.25,20.5,8.05M,0.00%
18-11-2016,20.75,20.75,20,20,2.02M,-2.44%
21-11-2016,20,20.25,19.9,20,10.28M,0.00%
22-11-2016,20,20.25,19.95,19.95,12.83M,-0.25%
23-11-2016,20,20.25,19.95,20,12.87M,0.25%
24-11-2016,20,20.25,19.9,19.95,17.76M,-0.25%
25-11-2016,19.9,20,19.8,19.9,450.20K,-0.25%
28-11-2016,19.95,19.95,19.7,19.85,6.25M,-0.25%
29-11-2016,19.9,19.95,19.7,19.85,14.56M,0.00%
30-11-2016,19.85,20,19.85,19.9,24.81M,0.25%
01-12-2016,19.9,20.25,19.9,20,7.03M,0.50%
02-12-2016,20,20.25,19.9,19.95,9.74M,-0.25%
05-12-2016,19.9,20,19.85,19.9,4.02M,-0.25%
06-12-2016,19.85,19.95,19.75,19.8,5.77M,-0.50%
07-12-2016,19.85,19.85,19.65,19.7,3.50M,-0.51%
08-12-2016,19.6,19.7,18.95,19.35,6.49M,-1.78%
09-12-2016,20,20,18.9,19,2.61M,-1.81%
13-12-2016,18.95,19,18.8,18.9,7.99M,-0.53%
14-12-2016,18.85,19.5,18.5,18.9,3.56M,0.00%
15-12-2016,19,19,18.65,18.75,2.00M,-0.79%
16-12-2016,18.75,18.9,18.6,18.75,11.32M,0.00%
19-12-2016,18.8,19.3,18.6,19,7.67M,1.33%
20-12-2016,19.2,19.2,18.8,19,21.73M,0.00%
21-12-2016,19,19.15,18.9,19,6.27M,0.00%
22-12-2016,19,19.5,19,19.45,5.92M,2.37%
23-12-2016,19.1,19.6,19.1,19.5,3.74M,0.26%
28-12-2016,19.7,19.7,19.1,19.25,6.53M,-1.28%
29-12-2016,19.5,19.5,19,19.05,6.07M,-1.04%
30-12-2016,19.1,19.2,19,19.15,6.06M,0.52%
03-01-2017,18.9,19.2,18.9,19,10.11M,-0.78%
04-01-2017,19,19.05,18.9,19,2.62M,0.00%
05-01-2017,19,19,18.6,18.8,12.90M,-1.05%
06-01-2017,18.9,19,18.5,18.6,28.02M,-1.06%
09-01-2017,18.8,18.8,18.45,18.5,18.45M,-0.54%
10-01-2017,18.6,18.6,17.8,18.2,14.40M,-1.62%
11-01-2017,18.5,18.5,17.95,18,16.38M,-1.10%
12-01-2017,17.9,18,17.85,17.95,12.90M,-0.28%
13-01-2017,17.95,18,17.85,17.95,21.49M,0.00%
16-01-2017,17.95,18,17.85,17.95,3.72M,0.00%
17-01-2017,18,18,17.9,17.95,5.47M,0.00%
18-01-2017,17.95,18.3,17.85,18.05,29.11M,0.56%
19-01-2017,18.15,18.3,18.1,18.15,17.57M,0.55%
20-01-2017,18.15,18.3,18.1,18.15,10.78M,0.00%
23-01-2017,18.1,18.3,18.05,18.2,974.90K,0.28%
24-01-2017,18.3,19,18.15,18.2,12.38M,0.00%
25-01-2017,18.2,18.25,18.15,18.2,3.38M,0.00%
26-01-2017,18.2,18.35,18.15,18.25,6.20M,0.27%
27-01-2017,18.25,18.5,18.2,18.4,9.78M,0.82%
30-01-2017,18.25,18.5,18.25,18.35,634.10K,-0.27%
31-01-2017,18.45,18.6,18.3,18.5,5.45M,0.82%
01-02-2017,18.5,18.7,18.4,18.55,60.48M,0.27%
02-02-2017,18.7,19,18.55,18.55,3.95M,0.00%
03-02-2017,18.7,19,18.55,18.65,13.73M,0.54%
06-02-2017,18.7,19.2,18.65,18.9,24.38M,1.34%
07-02-2017,18.8,19,18.3,18.65,9.84M,-1.32%
08-02-2017,18.65,18.7,18.1,18.4,17.11M,-1.34%
09-02-2017,18.5,18.55,18.05,18.45,25.99M,0.27%
10-02-2017,18.5,18.55,18.35,18.5,11.79M,0.27%
13-02-2017,18.4,18.5,18.3,18.4,4.31M,-0.54%
14-02-2017,18.35,18.5,18.15,18.3,9.68M,-0.54%
15-02-2017,18.2,18.3,18.15,18.25,45.46M,-0.27%
16-02-2017,18.2,18.4,18,18.2,4.70M,-0.27%
17-02-2017,18.2,18.25,18,18.05,13.19M,-0.82%
20-02-2017,18.05,18.1,17.9,18,9.69M,-0.28%
21-02-2017,18.05,18.05,17.95,18,9.93M,0.00%
22-02-2017,18.5,18.5,17.95,18,31.34M,0.00%
23-02-2017,18,18.4,17.95,18,6.85M,0.00%
24-02-2017,18,18.15,17.95,18.1,31.61M,0.56%
27-02-2017,18.5,18.5,17.7,17.85,2.06M,-1.38%
28-02-2017,18,18,17.7,17.75,2.37M,-0.56%
01-03-2017,17.75,17.75,16.55,17.05,3.08M,-3.94%
02-03-2017,17.75,17.75,16.85,17,20.90M,-0.29%
03-03-2017,17.05,17.05,16.8,16.9,1.54M,-0.59%
06-03-2017,16.9,17,16.75,16.8,1.81M,-0.59%
07-03-2017,16.8,16.85,16.5,16.65,5.25M,-0.89%
08-03-2017,16.6,16.75,15.95,16.2,13.94M,-2.70%
09-03-2017,16,16.65,15.9,16,44.08M,-1.23%
10-03-2017,16.8,17.6,16.3,16.9,16.12M,5.62%
13-03-2017,17.05,18,17,17.35,50.60M,2.66%
14-03-2017,17.7,18.9,17.5,18.25,38.12M,5.19%
15-03-2017,18.25,18.25,17.5,17.85,7.04M,-2.19%
16-03-2017,19,19,17.5,17.55,9.62M,-1.68%
17-03-2017,17.65,18.05,17.6,17.95,6.64M,2.28%
20-03-2017,17.75,18.1,17.75,18,12.69M,0.28%
21-03-2017,18.1,18.25,18,18.1,511.90K,0.56%
22-03-2017,18.2,18.35,18,18.1,11.70M,0.00%
23-03-2017,18.15,18.6,18.15,18.35,9.23M,1.38%
24-03-2017,18.35,18.7,18.35,18.45,18.87M,0.54%
27-03-2017,18.45,18.95,18.45,18.7,13.25M,1.36%
28-03-2017,19.05,19.05,18.3,18.6,14.75M,-0.53%
29-03-2017,18.3,18.4,17.75,18.05,13.30M,-2.96%
30-03-2017,18,18.05,17.9,17.95,997.10K,-0.55%
31-03-2017,18,18.3,17.8,18,5.42M,0.28%
03-04-2017,18.2,19,18,18.45,11.26M,2.50%
04-04-2017,18.5,19,18,18.3,26.22M,-0.81%
05-04-2017,18.35,19,18.3,18.3,9.47M,0.00%
06-04-2017,19,19,18.3,18.6,591.20K,1.64%
07-04-2017,18.6,19.75,18.4,18.65,4.88M,0.27%
10-04-2017,18.65,19.75,18.65,19.15,2.01M,2.68%
11-04-2017,19.8,19.8,19.15,19.25,5.62M,0.52%
12-04-2017,19.4,19.65,19.25,19.45,5.07M,1.04%
13-04-2017,19.5,19.75,19.5,19.6,76.38M,0.77%
18-04-2017,19.65,19.7,19,19.15,1.82M,-2.30%
19-04-2017,19.2,19.3,19.05,19.2,12.73M,0.26%
20-04-2017,19.2,19.25,19,19.15,8.64M,-0.26%
21-04-2017,19.15,19.2,19.1,19.15,4.40M,0.00%
24-04-2017,19.15,19.2,19.05,19.1,2.82M,-0.26%
25-04-2017,19.1,19.15,18.7,18.95,12.88M,-0.79%
26-04-2017,18.85,19,18.85,18.95,6.20M,0.00%
27-04-2017,19,19.1,18.95,19,16.12M,0.26%
28-04-2017,19,19.6,19,19.25,1.57M,1.32%
02-05-2017,19.2,19.8,19.2,19.55,7.23M,1.56%
03-05-2017,19.6,19.8,19.5,19.6,15.12M,0.26%
04-05-2017,19.65,19.95,19.35,19.65,9.37M,0.26%
05-05-2017,19.7,20,19.7,19.75,11.86M,0.51%
08-05-2017,19.8,20.75,19.8,20.5,22.92M,3.80%
09-05-2017,20.5,20.75,19.9,20.25,10.20M,-1.22%
10-05-2017,22,22,19.85,20,2.24M,-1.23%
11-05-2017,20.5,20.75,19.85,20.5,18.46M,2.50%
12-05-2017,20.5,20.75,20.25,20.25,6.88M,-1.22%
15-05-2017,20.5,20.5,20.25,20.25,2.14M,0.00%
16-05-2017,20.25,20.5,20.25,20.25,41.90M,0.00%
17-05-2017,20.25,20.5,20,20,11.88M,-1.23%
18-05-2017,20,21,19.95,20.25,20.13M,1.25%
19-05-2017,20.25,20.75,20,20.25,28.73M,0.00%
22-05-2017,20.25,20.75,20.25,20.5,23.77M,1.23%
23-05-2017,20.25,20.75,20.25,20.5,27.50M,0.00%
24-05-2017,20.75,21.75,20.75,21,8.84M,2.44%
25-05-2017,21.25,21.75,21.25,21.5,22.32M,2.38%
26-05-2017,21.75,22,21.5,21.75,5.86M,1.16%
29-05-2017,21.5,21.75,21.25,21.5,3.67M,-1.15%
30-05-2017,21.5,21.75,21,21,10.11M,-2.33%
31-05-2017,21.5,23,21.5,22.25,37.10M,5.95%
02-06-2017,22.5,23.25,22,22.5,29.19M,1.12%
05-06-2017,22,22.75,21.5,22.25,4.78M,-1.11%
06-06-2017,22.5,23.5,22,22,8.92M,-1.12%
07-06-2017,22.25,22.5,22,22.25,15.21M,1.14%
08-06-2017,22.25,22.5,22,22.25,2.86M,0.00%
09-06-2017,22.5,23,22.25,22.75,41.71M,2.25%
12-06-2017,22.75,23.25,22.5,22.75,10.49M,0.00%
13-06-2017,23,24,23,23.5,21.76M,3.30%
14-06-2017,23.25,23.75,23,23,29.19M,-2.13%
15-06-2017,23.25,23.5,23.25,23.25,16.06M,1.09%
16-06-2017,23.25,24,23.25,23.5,53.21M,1.08%
19-06-2017,23.5,23.75,23,23,3.43M,-2.13%
20-06-2017,23,23.25,22.5,22.75,16.45M,-1.09%
21-06-2017,23.5,23.5,22.5,22.75,10.87M,0.00%
22-06-2017,22.75,23.5,22.75,23.25,5.72M,2.20%
23-06-2017,23,23.5,23,23.25,19.26M,0.00%
27-06-2017,23.5,23.75,23.25,23.5,5.72M,1.08%
28-06-2017,23.5,23.5,23,23.25,3.29M,-1.06%
29-06-2017,23.75,23.75,23,23,9.29M,-1.08%
30-06-2017,23,23.25,22,22.75,9.96M,-1.09%
03-07-2017,22.75,23.25,22.5,23,8.14M,1.10%
04-07-2017,23,23.25,22.5,23,6.86M,0.00%
05-07-2017,23,23.25,22.5,22.75,9.00M,-1.09%
06-07-2017,23,23.25,22,22.75,13.74M,0.00%
07-07-2017,23,23.25,23,23,25.27M,1.10%
10-07-2017,23.25,23.25,23,23,2.47M,0.00%
11-07-2017,23,23.5,23,23,23.20M,0.00%
12-07-2017,23,23.25,22.75,23,17.21M,0.00%
13-07-2017,23,23.25,22.75,23,22.78M,0.00%
14-07-2017,23,23.25,22.75,23,1.59M,0.00%
17-07-2017,23,23.25,23,23,19.31M,0.00%
18-07-2017,23,23.25,22.5,23,16.76M,0.00%
19-07-2017,23,23.25,23,23,13.12M,0.00%
20-07-2017,23,23.25,23,23,2.22M,0.00%
21-07-2017,23,23.5,23,23.25,2.76M,1.09%
24-07-2017,23.5,23.75,23.25,23.25,2.90M,0.00%
25-07-2017,23.5,24,23.25,23.5,18.10M,1.08%
26-07-2017,23.5,24.25,23.5,23.75,11.13M,1.06%
27-07-2017,23.75,24.75,23.5,23.75,6.78M,0.00%
28-07-2017,23.75,25,23.75,24.5,7.36M,3.16%
31-07-2017,24.75,25,23.75,24.5,13.02M,0.00%
01-08-2017,24,24,23.5,23.75,23.42M,-3.06%
02-08-2017,24,24.25,23.75,24,12.76M,1.05%
03-08-2017,24.25,24.5,23.75,23.75,12.06M,-1.04%
04-08-2017,24.25,24.25,23,23.5,10.62M,-1.05%
07-08-2017,23.5,24,23.5,23.5,1.51M,0.00%
09-08-2017,23.75,24.25,23.75,23.75,2.21M,1.06%
10-08-2017,23.5,24.75,23.5,24.25,356.90K,2.11%
11-08-2017,24.5,25.5,23.75,24.5,18.96M,1.03%
14-08-2017,24.75,25.5,24.75,25,6.75M,2.04%
15-08-2017,25,25.5,24,24.75,11.61M,-1.00%
16-08-2017,24.75,25,24.25,24.25,14.32M,-2.02%
17-08-2017,24.5,24.75,24,24.25,1.53M,0.00%
18-08-2017,24,24.75,24,24.25,4.36M,0.00%
21-08-2017,24.25,25,24.25,24.75,1.49M,2.06%
22-08-2017,24.75,25,24.75,24.75,2.93M,0.00%
23-08-2017,24.75,25.5,24.75,25,10.43M,1.01%
24-08-2017,25,25.75,25,25.25,8.73M,1.00%
25-08-2017,25.5,27,25.5,26.5,14.32M,4.95%
28-08-2017,27,27,26.5,26.75,4.60M,0.94%
29-08-2017,26.75,27.25,26.25,26.75,13.51M,0.00%
30-08-2017,26.75,26.75,25.5,26.25,9.83M,-1.87%
31-08-2017,26.5,26.5,25.25,25.5,10.26M,-2.86%
01-09-2017,25.5,25.75,23,24.25,44.52M,-4.90%
04-09-2017,25,25.75,24,24,53.94M,-1.03%
05-09-2017,24.5,25,24.25,24.75,1.91M,3.13%
06-09-2017,24.75,25.5,24.5,24.75,36.15M,0.00%
07-09-2017,25,26,25,25.25,6.67M,2.02%
08-09-2017,25.5,26.25,25.5,25.75,1.79M,1.98%
11-09-2017,25.75,26.5,25.75,26,19.99M,0.97%
12-09-2017,27,27,25.75,26,14.71M,0.00%
13-09-2017,26,26,25,25.25,10.46M,-2.88%
14-09-2017,25.5,25.5,25.25,25.25,7.32M,0.00%
15-09-2017,25.25,25.5,25,25.25,8.74M,0.00%
18-09-2017,24.25,25,24,24.25,3.67M,-3.96%
19-09-2017,24.75,25.5,24.75,25,12.37M,3.09%
20-09-2017,25.5,25.5,25,25.25,7.30M,1.00%
21-09-2017,25.5,26.5,25.25,25.75,3.77M,1.98%
22-09-2017,25.75,26,25.5,25.75,2.61M,0.00%
25-09-2017,25.75,26,25.75,25.75,6.96M,0.00%
26-09-2017,25.75,26.25,25.75,26,15.58M,0.97%
27-09-2017,25.75,26,25.75,25.75,6.92M,-0.96%
28-09-2017,25.75,26,24.75,25.25,4.73M,-1.94%
29-09-2017,25,25,24.5,24.75,12.33M,-1.98%
02-10-2017,24.75,25,24.5,24.5,6.22M,-1.01%
03-10-2017,24.5,25.75,24.5,25,9.33M,2.04%
04-10-2017,25,25.25,24.75,25,1.56M,0.00%
05-10-2017,25,25,24.75,24.75,3.05M,-1.00%
06-10-2017,25,25,24.5,24.75,5.07M,0.00%
09-10-2017,25,25.25,24.75,25,9.48M,1.01%
10-10-2017,24.75,25.5,24.75,25,1.18M,0.00%
11-10-2017,25,25.25,24.75,25,10.73M,0.00%
12-10-2017,25,25.25,24.75,24.75,6.13M,-1.00%
13-10-2017,25,25.25,24.75,25,11.96M,1.01%
16-10-2017,25,25.25,24.5,24.75,951.30K,-1.00%
17-10-2017,25,25,24.25,24.5,17.13M,-1.01%
18-10-2017,24.5,24.5,24,24.25,13.28M,-1.02%
19-10-2017,24.5,24.5,24,24,2.99M,-1.03%
23-10-2017,25,25,23.75,24.25,23.41M,1.04%
24-10-2017,24.25,25.25,24.25,24.75,1.34M,2.06%
27-10-2017,25.25,25.5,25,25.25,1.83M,2.02%
30-10-2017,25.5,25.5,25,25.25,2.04M,0.00%
31-10-2017,25,26.25,25,25.5,3.34M,0.99%
01-11-2017,25.75,26.25,25.5,25.75,12.49M,0.98%
02-11-2017,25.75,26,25,25.25,18.95M,-1.94%
03-11-2017,25.75,26,25,25.5,4.99M,0.99%
06-11-2017,25.75,25.75,24.75,25,5.60M,-1.96%
07-11-2017,25,25,24.25,24.5,34.98M,-2.00%
08-11-2017,25,25.25,24.5,24.75,15.33M,1.02%
09-11-2017,24.75,25,24.5,24.75,3.15M,0.00%
10-11-2017,24.75,25,24.5,24.5,8.03M,-1.01%
13-11-2017,24.5,24.75,24,24.5,25.84M,0.00%
14-11-2017,24.5,25.5,24.5,24.5,12.06M,0.00%
15-11-2017,24.5,25.25,24.5,25,9.96M,2.04%
16-11-2017,25,25.75,25,25.25,6.39M,1.00%
17-11-2017,25.25,26,25.25,25.5,2.81M,0.99%
20-11-2017,25.75,26,25.5,25.75,3.96M,0.98%
21-11-2017,26,27.25,25.75,26.75,7.05M,3.88%
22-11-2017,26.75,28.5,26.75,28,16.46M,4.67%
23-11-2017,28,28.5,26,26.5,16.34M,-5.36%
24-11-2017,28,28,26.5,26.75,5.21M,0.94%
27-11-2017,26.75,28,26.75,27.5,5.93M,2.80%
29-11-2017,28,28,27.5,27.5,11.30M,0.00%
30-11-2017,27.5,28,27,27.5,7.09M,0.00%
01-12-2017,27.5,27.75,27,27.5,12.85M,0.00%
04-12-2017,27.5,28.25,27.5,27.5,15.77M,0.00%
05-12-2017,27.5,27.75,27,27.25,6.55M,-0.91%
06-12-2017,26.75,27.75,26.75,27.25,18.98M,0.00%
07-12-2017,27.5,28.25,27,27.75,14.22M,1.83%
08-12-2017,28,28.25,27.75,27.75,8.29M,0.00%
11-12-2017,28,28.25,27.75,28,5.90M,0.90%
13-12-2017,28,28,27.5,27.5,25.55M,-1.79%
14-12-2017,27.5,27.75,26.75,27,19.07M,-1.82%
15-12-2017,26.75,27.5,24.5,26.75,11.87M,-0.93%
18-12-2017,26.5,27,26,26.25,7.47M,-1.87%
19-12-2017,26.25,26.5,25.75,26,23.81M,-0.95%
20-12-2017,26,26.75,25.75,26,24.81M,0.00%
21-12-2017,26.5,27,26.25,26.5,11.55M,1.92%
22-12-2017,26.5,26.75,26.25,26.5,6.60M,0.00%
27-12-2017,26.25,26.5,26,26.25,7.56M,-0.94%
28-12-2017,26,26.5,26,26.25,10.95M,0.00%
29-12-2017,26.25,27.5,26.25,26.75,3.64M,1.90%
02-01-2018,26.75,27,26.75,26.75,3.90M,0.00%
03-01-2018,26.75,27,26.75,26.75,8.35M,0.00%
04-01-2018,26.75,27.75,26.75,27,8.30M,0.93%
05-01-2018,27.5,28.5,27,28,11.04M,3.70%
08-01-2018,27.5,28.25,27.5,28,6.87M,0.00%
09-01-2018,28,28.25,27.75,28,20.53M,0.00%
10-01-2018,27.75,28,27.75,27.75,12.92M,-0.89%
11-01-2018,27.75,28.25,27.75,27.75,11.14M,0.00%
12-01-2018,28,28.5,27.75,28.25,2.80M,1.80%
15-01-2018,28.5,29.25,28.25,28.75,3.75M,1.77%
16-01-2018,29,29.5,28.5,29,7.30M,0.87%
17-01-2018,28.5,29.5,28.5,29,10.30M,0.00%
18-01-2018,29.5,29.5,29,29.25,9.39M,0.86%
19-01-2018,29.25,29.75,29.25,29.5,6.59M,0.85%
22-01-2018,29.5,29.75,29,29.25,8.83M,-0.85%
23-01-2018,29.5,29.75,29.25,29.5,16.96M,0.85%
24-01-2018,29.5,29.75,29.5,29.5,6.56M,0.00%
25-01-2018,29.5,30,29.5,29.75,6.59M,0.85%
26-01-2018,29.5,30.5,29.5,30,26.17M,0.84%
29-01-2018,29.75,30,29.5,29.75,3.95M,-0.83%
30-01-2018,30,30,29.25,29.75,18.00M,0.00%
31-01-2018,29.75,30,29.5,29.5,8.89M,-0.84%
01-02-2018,29.75,30,29.5,29.75,6.15M,0.85%
02-02-2018,30,30.25,29.75,29.75,3.03M,0.00%
05-02-2018,29.75,30,29.75,29.75,4.09M,0.00%
06-02-2018,29.75,30,28.75,29.5,42.11M,-0.84%
07-02-2018,29.25,29.25,28,28.5,20.68M,-3.39%
08-02-2018,28.5,29.5,28.5,29.25,14.17M,2.63%
09-02-2018,29.5,29.5,29,29,12.83M,-0.85%
12-02-2018,30,30,28,28.25,1.50M,-2.59%
13-02-2018,28.5,29,28.25,28.5,6.86M,0.88%
14-02-2018,28.75,29,28.75,28.75,3.09M,0.88%
15-02-2018,28.75,29.25,28.75,28.75,2.71M,0.00%
16-02-2018,29,29.75,29,29.25,4.73M,1.74%
19-02-2018,30,30,29.25,29.25,4.49M,0.00%
20-02-2018,29.5,30.5,29.25,29.75,8.75M,1.71%
21-02-2018,30,30.25,29,29.75,15.11M,0.00%
22-02-2018,29.5,30,29.5,29.5,6.16M,-0.84%
23-02-2018,29.5,30,29.25,29.5,5.00M,0.00%
26-02-2018,29.5,29.75,29.25,29.5,14.51M,0.00%
27-02-2018,29.5,30,29.25,29.5,7.39M,0.00%
28-02-2018,29.75,30,29.5,29.75,10.94M,0.85%
01-03-2018,29.5,30,29.25,29.5,15.25M,-0.84%
02-03-2018,30.5,30.5,29,29.25,6.13M,-0.85%
05-03-2018,29.75,29.75,29,29.25,4.36M,0.00%
06-03-2018,29.25,29.75,29.25,29.25,7.54M,0.00%
07-03-2018,29.25,29.75,29.25,29.5,5.83M,0.85%
08-03-2018,29.5,29.75,29.25,29.5,10.43M,0.00%
09-03-2018,29.5,29.75,29,29.25,18.67M,-0.85%
12-03-2018,29.5,29.75,29.25,29.25,6.15M,0.00%
13-03-2018,29.5,30,29.5,29.75,4.67M,1.71%
14-03-2018,29.75,30,29.5,29.75,5.99M,0.00%
15-03-2018,30,30,29.5,29.5,9.96M,-0.84%
16-03-2018,29.5,29.75,29.5,29.5,4.08M,0.00%
19-03-2018,30,30.75,29.5,30,11.06M,1.69%
20-03-2018,30.5,31.25,30.5,30.75,5.72M,2.50%
21-03-2018,31,31.75,31,31.25,17.99M,1.63%
22-03-2018,31,32.25,31,31.75,13.48M,1.60%
23-03-2018,32,32.25,31.75,31.75,8.33M,0.00%
26-03-2018,31.75,31.75,31.25,31.5,4.33M,-0.79%
27-03-2018,31.5,31.75,31,31.25,4.72M,-0.79%
28-03-2018,31,31.25,30.5,30.75,4.35M,-1.60%
29-03-2018,31,31.5,30.5,31,11.68M,0.81%
03-04-2018,31,31.75,31,31.25,9.28M,0.81%
04-04-2018,31.75,32.75,31.25,32,13.50M,2.40%
05-04-2018,32.5,33.5,32.5,32.75,8.42M,2.34%
06-04-2018,32.75,33,32,32.25,5.83M,-1.53%
09-04-2018,32.25,32.25,31.5,31.75,1.95M,-1.55%
10-04-2018,31.75,32.25,31.75,31.75,2.14M,0.00%
11-04-2018,31.75,32.5,31.75,32,6.11M,0.79%
12-04-2018,32,32,31.25,31.5,4.50M,-1.56%
13-04-2018,32,32,31,31,2.96M,-1.59%
16-04-2018,31.25,31.25,30.25,30.5,117.24M,-1.61%
17-04-2018,30.5,30.5,29.5,29.75,11.81M,-2.46%
18-04-2018,29.75,30,29.25,29.5,20.43M,-0.84%
19-04-2018,29.5,29.75,29,29.25,22.80M,-0.85%
20-04-2018,29.25,29.5,28.75,29,15.32M,-0.85%
23-04-2018,29,29.75,28.25,28.5,12.82M,-1.72%
24-04-2018,28.5,29,28,28.25,17.26M,-0.88%
25-04-2018,28.75,29,28.25,28.5,22.79M,0.88%
26-04-2018,28.75,28.75,28,28.25,11.00M,-0.88%
27-04-2018,28.5,28.5,28.25,28.25,8.87M,0.00%
30-04-2018,28.5,28.5,28.25,28.25,9.96M,0.00%
02-05-2018,28.25,28.25,27,27.25,18.33M,-3.54%
03-05-2018,27.5,27.75,26.75,27,27.10M,-0.92%
04-05-2018,28,29,28,28.5,37.79M,5.56%
07-05-2018,28.5,29,28.25,28.5,16.08M,0.00%
08-05-2018,28.5,28.5,28.25,28.25,9.46M,-0.88%
09-05-2018,28.5,29.5,28.5,29,17.88M,2.65%
10-05-2018,29,29.25,27.75,28,14.07M,-3.45%
11-05-2018,28,28,27.5,27.75,6.72M,-0.89%
14-05-2018,27.75,28,27,27.25,6.00M,-1.80%
15-05-2018,27.5,28.25,27,27.25,22.98M,0.00%
16-05-2018,28.25,29.25,28,28.5,5.02M,4.59%
17-05-2018,29,29.5,28.75,29,6.49M,1.75%
18-05-2018,29,29.5,29,29.25,6.65M,0.86%
21-05-2018,29.25,29.25,29,29,10.01M,-0.85%
22-05-2018,29,29.75,29,29.25,7.75M,0.86%
23-05-2018,29.25,29.5,29,29,2.71M,-0.85%
24-05-2018,29.25,29.5,29,29,7.64M,0.00%
25-05-2018,29,29.25,28.5,29,8.86M,0.00%
28-05-2018,29,29,28,28.75,2.10M,-0.86%
29-05-2018,29,29,28.25,28.5,4.28M,-0.87%
30-05-2018,28.5,28.5,28,28.25,7.65M,-0.88%
31-05-2018,28.75,28.75,28.25,28.25,10.67M,0.00%
04-06-2018,28.25,29,28.25,28.5,12.15M,0.88%
05-06-2018,28.5,29.25,28.5,28.75,2.35M,0.88%
06-06-2018,28.75,30,28.75,29.5,16.56M,2.61%
07-06-2018,29.75,29.75,29,29.5,6.31M,0.00%
08-06-2018,29.75,29.75,29.25,29.5,1.69M,0.00%
11-06-2018,29.75,30.5,29.5,30,4.15M,1.69%
12-06-2018,30,30.5,30,30,13.45M,0.00%
13-06-2018,30,30.5,30,30,7.29M,0.00%
14-06-2018,30,30.25,29.75,30,22.89M,0.00%
18-06-2018,30,30.25,29.5,29.75,2.12M,-0.83%
19-06-2018,29.75,29.75,27.75,28.25,5.66M,-5.04%
20-06-2018,28.5,28.5,27.25,27.25,16.08M,-3.54%
21-06-2018,27.25,27.75,27.25,27.25,11.72M,0.00%
22-06-2018,28.75,28.75,27.25,28.25,13.92M,3.67%
25-06-2018,28.5,29,28.25,28.5,2.72M,0.88%
26-06-2018,28.5,29.5,28.5,29,17.60M,1.75%
27-06-2018,29.25,30,28.75,29.5,16.54M,1.72%
28-06-2018,29.75,30,29.25,29.75,22.49M,0.85%
29-06-2018,29.75,30,29.25,29.5,10.56M,-0.84%
02-07-2018,29.5,29.75,28.75,29,9.57M,-1.69%
03-07-2018,28.75,28.75,27.75,28,3.75M,-3.45%
04-07-2018,29,29.25,28,28.5,2.89M,1.79%
05-07-2018,28.5,29.25,28.5,29,5.41M,1.75%
06-07-2018,28.75,29.25,28.75,28.75,2.04M,-0.86%
09-07-2018,29,29.25,28.75,29,2.00M,0.87%
10-07-2018,29,29.25,29,29,5.69M,0.00%
11-07-2018,29,29,28.25,28.5,5.13M,-1.72%
12-07-2018,28.5,29,28.5,28.5,3.34M,0.00%
13-07-2018,28.75,28.75,28.25,28.25,4.69M,-0.88%
16-07-2018,28.75,28.75,28,28.25,10.49M,0.00%
17-07-2018,28.25,29.25,28.25,28.75,3.96M,1.77%
18-07-2018,29.25,29.75,29,29,2.22M,0.87%
19-07-2018,29.75,29.75,28.75,29.25,10.04M,0.86%
20-07-2018,29.25,29.25,28.25,28.5,3.54M,-2.56%
23-07-2018,28.5,29,28.25,28.5,656.50K,0.00%
24-07-2018,28.5,29,28.5,28.5,748.10K,0.00%
25-07-2018,28.75,29,28.5,28.75,5.93M,0.88%
26-07-2018,29,29,28.5,28.5,4.90M,-0.87%
27-07-2018,28.5,29,28.5,28.5,3.33M,0.00%
30-07-2018,28.75,28.75,28.25,28.5,11.46M,0.00%
31-07-2018,28.5,28.5,27.75,28,2.68M,-1.75%
01-08-2018,28.25,28.5,27.75,27.75,4.55M,-0.89%
02-08-2018,28,28.5,28,28,18.66M,0.90%
03-08-2018,28,28.25,28,28,5.93M,0.00%
06-08-2018,28.25,28.25,28,28,1.40M,0.00%
07-08-2018,28,28.25,28,28,5.17M,0.00%
08-08-2018,28.25,29.5,28.25,28.75,6.59M,2.68%
09-08-2018,29,29.25,28.25,28.75,3.04M,0.00%
10-08-2018,29,29,28.25,28.25,4.95M,-1.74%
13-08-2018,28.5,29,28.5,28.5,2.02M,0.88%
14-08-2018,28.5,29,28.5,28.75,7.53M,0.88%
15-08-2018,28.75,29.25,28.75,29,8.72M,0.87%
16-08-2018,29,29,28.75,28.75,6.70M,-0.86%
17-08-2018,28.75,29.5,28.75,29,961.20K,0.87%
20-08-2018,29,29.5,29,29,7.50M,0.00%
22-08-2018,29,29.5,29,29,6.42M,0.00%
23-08-2018,29,29.25,29,29,3.05M,0.00%
24-08-2018,29,29.25,29,29,2.50M,0.00%
27-08-2018,29,29.5,29,29,1.65M,0.00%
28-08-2018,29.25,30.5,29,29.75,4.93M,2.59%
29-08-2018,29.75,30.25,29.75,29.75,1.96M,0.00%
30-08-2018,30,30,29.5,29.5,2.73M,-0.84%
31-08-2018,29.75,29.75,28,28.25,9.08M,-4.24%
03-09-2018,28,28,27,27.75,1.73M,-1.77%
04-09-2018,27.75,29,27.75,28.25,5.22M,1.80%
05-09-2018,28.5,28.5,27.5,27.75,5.44M,-1.77%
06-09-2018,28.25,28.25,27.5,27.75,4.17M,0.00%
07-09-2018,28,28,27.25,27.5,6.80M,-0.90%
10-09-2018,27.75,27.75,27.25,27.25,773.10K,-0.91%
11-09-2018,27.25,27.75,27,27,2.36M,-0.92%
12-09-2018,27,27.25,26.75,27,6.19M,0.00%
13-09-2018,27,27.25,25.75,26.25,12.51M,-2.78%
14-09-2018,26.25,26.75,26.25,26.5,9.14M,0.95%
17-09-2018,26.5,26.75,26.25,26.5,5.17M,0.00%
18-09-2018,26.5,27.25,26.5,26.75,7.27M,0.94%
19-09-2018,27,27.25,25.75,26.5,9.36M,-0.93%
20-09-2018,25.5,25.75,24.5,24.75,9.36M,-6.60%
21-09-2018,25,25.25,23.75,24,19.41M,-3.03%
24-09-2018,24.5,26,24.5,25,23.27M,4.17%
25-09-2018,25,25.25,24.75,24.75,7.50M,-1.00%
26-09-2018,25,25,24.5,24.75,2.70M,0.00%
27-09-2018,24.75,25,24.5,24.75,14.90M,0.00%
28-09-2018,25,25,24,24.5,5.98M,-1.01%
01-10-2018,24.5,25,24,24,2.90M,-2.04%
02-10-2018,24,24.75,24,24.25,13.93M,1.04%
03-10-2018,24.5,24.5,24.25,24.25,5.16M,0.00%
04-10-2018,24.25,24.75,24.25,24.5,21.58M,1.03%
05-10-2018,24.5,25,24.5,24.75,12.41M,1.02%
08-10-2018,24.75,25,24.5,24.5,4.29M,-1.01%
09-10-2018,24.75,25,24.25,24.5,3.53M,0.00%
11-10-2018,25,25,23.5,24,7.96M,-2.04%
12-10-2018,24,24,22.75,23,7.61M,-4.17%
15-10-2018,23,23.5,21.75,22.25,8.48M,-3.26%
16-10-2018,23,24,22.5,23.5,13.37M,5.62%
17-10-2018,23.75,24.25,23.75,23.75,4.37M,1.06%
18-10-2018,23.75,24.25,23,23.5,12.33M,-1.05%
19-10-2018,23.5,23.75,23,23.75,14.03M,1.06%
22-10-2018,23.75,24.5,23.5,23.75,6.41M,0.00%
23-10-2018,24,24,23.25,23.75,4.29M,0.00%
24-10-2018,23.75,23.75,23.25,23.5,3.62M,-1.05%
25-10-2018,23.75,23.75,23.25,23.5,9.83M,0.00%
26-10-2018,23.75,23.75,23.5,23.5,6.97M,0.00%
29-10-2018,23.5,24,23.5,23.5,9.43M,0.00%
30-10-2018,23.75,24,23.25,23.5,22.06M,0.00%
31-10-2018,24,24,23.25,23.25,4.66M,-1.06%
01-11-2018,23.75,23.75,23,23.5,47.50M,1.08%
02-11-2018,23.75,25,23.75,24.5,4.15M,4.26%
05-11-2018,24.5,24.5,23,23.75,4.71M,-3.06%
06-11-2018,23.5,24,22.5,22.5,5.45M,-5.26%
07-11-2018,23,23.5,22.5,22.75,8.63M,1.11%
08-11-2018,23.25,23.75,23.25,23.25,9.48M,2.20%
09-11-2018,23.75,24.75,23.5,24.25,10.31M,4.30%
12-11-2018,24,24.5,23.75,24.25,10.30M,0.00%
13-11-2018,24.25,24.5,24,24.25,12.01M,0.00%
14-11-2018,24.5,24.5,23.75,24,8.87M,-1.03%
15-11-2018,24,24,23.5,23.75,15.07M,-1.04%
16-11-2018,24,24.25,23.5,23.75,7.08M,0.00%
19-11-2018,23.75,24,23.5,23.5,2.17M,-1.05%
20-11-2018,23.75,24,23.5,23.5,4.66M,0.00%
21-11-2018,23.5,24,23.5,23.75,7.00M,1.06%
22-11-2018,23.75,24,23.75,23.75,683.00K,0.00%
23-11-2018,24,24,23.75,23.75,2.45M,0.00%
26-11-2018,23.75,24,23.6,23.8,10.79M,0.21%
27-11-2018,24,24,23.75,23.8,27.43M,0.00%
28-11-2018,24,24,23.75,23.8,16.75M,0.00%
29-11-2018,24,24,23.5,23.75,10.76M,-0.21%
30-11-2018,23.75,23.85,23.65,23.75,15.24M,0.00%
03-12-2018,23.75,23.8,23.55,23.75,2.72M,0.00%
04-12-2018,23.75,23.75,23.5,23.6,3.49M,-0.63%
05-12-2018,23.5,23.75,23.5,23.65,1.77M,0.21%
06-12-2018,23.5,23.6,23.3,23.4,4.44M,-1.06%
07-12-2018,23.4,23.4,22.8,23,12.99M,-1.71%
10-12-2018,23,23,22.6,22.65,13.20M,-1.52%
11-12-2018,23,23,21.9,22.05,21.14M,-2.65%
13-12-2018,23,23,21.9,22.15,22.20M,0.45%
14-12-2018,22.25,23.25,22.25,22.9,29.99M,3.39%
17-12-2018,22.95,23.25,22.5,23,6.18M,0.44%
18-12-2018,23,23.1,22.8,23,17.10M,0.00%
19-12-2018,23,23.05,22.5,22.9,8.36M,-0.43%
20-12-2018,22.9,22.9,22.35,22.45,19.30M,-1.97%
21-12-2018,22.3,23.25,22.2,22.3,5.64M,-0.67%
24-12-2018,22.55,23.5,22.5,22.6,730.10K,1.35%
27-12-2018,23,23,22.55,22.6,1.78M,0.00%
28-12-2018,23,23,22.8,22.85,1.27M,1.11%
31-12-2018,22.8,22.8,22.1,22.2,3.68M,-2.84%
02-01-2019,23,23,22.2,22.25,1.78M,0.23%
03-01-2019,22.25,22.5,21.8,22.15,12.26M,-0.45%
04-01-2019,22,22,21,21.3,2.21M,-3.84%
07-01-2019,21.3,21.8,21.3,21.45,6.28M,0.70%
08-01-2019,21.8,22.2,21.5,22,1.53M,2.56%
09-01-2019,22.2,22.75,22.15,22.3,21.76M,1.36%
10-01-2019,22.4,24,22.4,23,24.91M,3.14%
11-01-2019,23,23.75,22.8,23.4,4.88M,1.74%
14-01-2019,23.6,23.65,23.25,23.5,22.01M,0.43%
15-01-2019,23.5,23.8,23.5,23.5,21.63M,0.00%
16-01-2019,23.8,24.3,23.7,23.8,14.06M,1.28%
17-01-2019,23.9,24,23.55,23.75,5.58M,-0.21%
18-01-2019,23.75,23.95,23.5,23.7,28.01M,-0.21%
21-01-2019,23.7,23.7,23.05,23.5,20.87M,-0.84%
22-01-2019,23.5,23.5,23.05,23.3,3.85M,-0.85%
23-01-2019,23.3,23.45,23.05,23.25,2.77M,-0.21%
24-01-2019,23.2,23.4,23.05,23.2,4.05M,-0.22%
25-01-2019,23.45,23.65,23.15,23.45,14.28M,1.08%
28-01-2019,23.5,23.75,23.35,23.45,23.04M,0.00%
29-01-2019,23.5,23.6,23.05,23.45,7.80M,0.00%
30-01-2019,23.5,24,23.4,23.7,12.47M,1.07%
31-01-2019,23.6,24.5,23.6,23.85,61.10M,0.63%
01-02-2019,24,25.6,24,25.5,14.81M,6.92%
04-02-2019,25.5,26.25,25.5,26,10.61M,1.96%
05-02-2019,26.15,27,26.1,26.5,20.16M,1.92%
06-02-2019,26.55,27.2,26.5,26.9,19.64M,1.51%
07-02-2019,27,27.1,26.9,27.05,12.46M,0.56%
08-02-2019,27,27,26.5,26.85,22.91M,-0.74%
11-02-2019,26.85,26.95,26.5,26.8,12.20M,-0.19%
12-02-2019,27,27,26.8,26.9,7.06M,0.37%
13-02-2019,26.9,27,26.05,26.9,5.82M,0.00%
14-02-2019,26.85,26.85,25.95,26.45,12.16M,-1.67%
15-02-2019,27,27,26,26.1,1.61M,-1.32%
18-02-2019,26,26.9,25.9,26.05,10.59M,-0.19%
19-02-2019,26.1,26.5,26,26.15,2.41M,0.38%
20-02-2019,26.05,26.5,26.05,26.15,2.63M,0.00%
21-02-2019,26.1,26.15,26,26,9.92M,-0.57%
22-02-2019,26.05,26.2,26,26.05,5.42M,0.19%
25-02-2019,26.15,26.7,26.15,26.5,4.93M,1.73%
26-02-2019,26.5,26.65,26.3,26.6,3.38M,0.38%
27-02-2019,26.6,26.7,26.3,26.55,4.05M,-0.19%
28-02-2019,26.5,26.5,25.95,26,13.90M,-2.07%
01-03-2019,26,26.5,26,26.1,9.11M,0.38%
04-03-2019,26.5,26.55,26.05,26.45,3.35M,1.34%
05-03-2019,26.5,26.55,26.3,26.5,4.23M,0.19%
06-03-2019,26.55,26.75,26.4,26.6,5.45M,0.38%
07-03-2019,26.6,27,26.6,26.8,2.96M,0.75%
08-03-2019,26.9,27.45,26.8,27,16.00M,0.75%
11-03-2019,27,27,26.75,26.9,2.08M,-0.37%
12-03-2019,27,27,26.7,26.9,4.07M,0.00%
13-03-2019,26.85,27,26.5,26.75,13.64M,-0.56%
14-03-2019,27,27.1,26.75,27,7.63M,0.93%
15-03-2019,27,28.1,26.8,27.75,9.91M,2.78%
18-03-2019,27.6,28.75,27.5,28.5,12.84M,2.70%
19-03-2019,28.5,28.5,27.6,28,19.00M,-1.75%
20-03-2019,28,28.75,28,28.55,3.77M,1.96%
21-03-2019,30,30,28.3,28.65,7.73M,0.35%
22-03-2019,28.65,28.65,28,28.15,6.94M,-1.75%
25-03-2019,28.15,28.2,27.5,27.95,22.98M,-0.71%
26-03-2019,27.95,27.95,27.2,27.6,17.53M,-1.25%
27-03-2019,27.5,27.75,26.95,27.25,8.52M,-1.27%
28-03-2019,27,27.25,27,27.1,1.94M,-0.55%
29-03-2019,27,27.7,27,27.55,5.20M,1.66%
01-04-2019,27.7,28.1,27.6,27.9,8.47M,1.27%
02-04-2019,28,28.5,28,28.1,12.06M,0.72%
03-04-2019,28,28.2,28,28.1,2.48M,0.00%
04-04-2019,28.15,28.2,28,28.05,3.20M,-0.18%
05-04-2019,28,28.1,27.65,28,11.07M,-0.18%
08-04-2019,27.85,28,27.65,28,15.72M,0.00%
09-04-2019,28,28,27.6,27.85,10.03M,-0.54%
10-04-2019,27.9,28,27.65,27.75,10.07M,-0.36%
11-04-2019,27.8,27.8,27.6,27.7,3.31M,-0.18%
12-04-2019,27.75,27.75,27.05,27.5,6.69M,-0.72%
15-04-2019,27.2,27.5,27.05,27.3,1.27M,-0.73%
16-04-2019,27.3,27.75,27.3,27.5,7.26M,0.73%
17-04-2019,27.6,28,27.6,27.85,2.21M,1.27%
18-04-2019,27.8,28,27.65,27.85,1.77M,0.00%
23-04-2019,28,28,27.65,27.95,4.29M,0.36%
24-04-2019,27.85,28.1,27.85,28,8.05M,0.18%
25-04-2019,28,28.1,27.9,27.95,14.34M,-0.18%
26-04-2019,27.85,28,27.85,27.95,2.88M,0.00%
29-04-2019,28.5,28.5,27.85,28,3.26M,0.18%
30-04-2019,28.2,28.6,28.1,28.15,2.69M,0.54%
02-05-2019,28.25,30,28.25,29.55,7.89M,4.97%
03-05-2019,29.8,30,28.35,29.25,4.96M,-1.02%
06-05-2019,29,29,28.5,28.65,2.75M,-2.05%
07-05-2019,29.5,29.5,28.2,28.6,4.35M,-0.17%
08-05-2019,29,29,28,28.15,3.40M,-1.57%
09-05-2019,28.3,28.3,27.8,27.95,5.29M,-0.71%
10-05-2019,27.9,27.9,27.2,27.45,3.58M,-1.79%
13-05-2019,28,28,27,27.2,8.46M,-0.91%
14-05-2019,27.2,27.2,26.1,26.4,8.46M,-2.94%
15-05-2019,27.2,27.2,26.35,26.7,9.71M,1.14%
16-05-2019,26.7,26.7,26.05,26.25,6.43M,-1.69%
17-05-2019,26.2,26.6,26.05,26.15,12.30M,-0.38%
20-05-2019,26.05,26.5,26.05,26.2,5.78M,0.19%
21-05-2019,26.25,26.5,26,26.35,8.35M,0.57%
22-05-2019,26.05,27,26.05,26.1,13.51M,-0.95%
23-05-2019,26.15,26.25,26.05,26.15,640.20K,0.19%
24-05-2019,26.3,27,26.2,26.45,12.18M,1.15%
27-05-2019,26.5,27,26.5,26.8,889.20K,1.32%
28-05-2019,26.95,28.65,26.9,28.35,28.20M,5.78%
29-05-2019,28.1,28.3,27.8,28,17.19M,-1.23%
30-05-2019,27.8,27.8,27.4,27.65,11.92M,-1.25%
31-05-2019,27.65,27.65,27,27.45,7.50M,-0.72%
03-06-2019,27.4,27.8,27.4,27.65,1.89M,0.73%
04-06-2019,27.65,27.8,27.6,27.7,6.88M,0.18%
06-06-2019,27.7,28,27.65,27.7,8.48M,0.00%
07-06-2019,27.9,27.9,27.1,27.4,1.78M,-1.08%
10-06-2019,27.1,27.6,27.05,27.45,1.33M,0.18%
11-06-2019,27.5,27.7,27.2,27.55,1.71M,0.36%
12-06-2019,27.6,27.65,27.3,27.5,22.67M,-0.18%
13-06-2019,27.5,27.7,27.1,27.35,22.56M,-0.55%
14-06-2019,27.5,27.5,27.05,27.2,5.30M,-0.55%
